Date,Open,High,Low,Close,Volume,% Change,MM_7,MM_15,Delta_MM,Raised,Next Raised
2024-05-28 00:00:00+00:00,69392.1953125,69514.640625,67227.15625,68296.21875,32722265965,-1.5827408107827234,68721.83035714286,67730.69661458333,991.1337425595266,0,0.0
2024-05-29 00:00:00+00:00,68296.3515625,68852.4609375,67101.4921875,67578.09375,26707072906,-1.051485738366742,68501.22433035714,68132.38359375,368.84073660714785,0,1.0
2024-05-30 00:00:00+00:00,67576.0859375,69500.5390625,67118.078125,68364.9921875,29509712534,1.1644282841286824,68563.42857142857,68272.21692708334,291.21164434522507,1,0.0
2024-05-31 00:00:00+00:00,68362.515625,68999.5625,66633.421875,67491.4140625,27387283769,-1.2778150001159894,68415.61607142857,68422.87239583333,-7.256324404763291,0,1.0
2024-06-01 00:00:00+00:00,67489.609375,67839.765625,67386.1953125,67706.9375,11641495604,0.31933460054698326,68192.90066964286,68466.54322916667,-273.64255952381063,1,1.0
2024-06-02 00:00:00+00:00,67710.2734375,68409.1640625,67315.5234375,67751.6015625,17110588415,0.06596674454519835,68083.40178571429,68520.59635416667,-437.19456845238165,1,1.0
2024-06-03 00:00:00+00:00,67753.8984375,70230.8203125,67589.8359375,68804.78125,32401285324,1.5544720172089965,67999.1484375,68689.02395833333,-689.8755208333314,1,1.0
2024-06-04 00:00:00+00:00,68804.5703125,71047.40625,68564.640625,70567.765625,33149696545,2.5622992224831664,68323.65513392857,68630.32864583333,-306.6735119047662,1,1.0
2024-06-05 00:00:00+00:00,70568.3515625,71735.4140625,70390.7109375,71082.8203125,32810771409,0.7298724608017615,68824.33035714286,68693.41458333333,130.91577380952367,1,0.0
2024-06-06 00:00:00+00:00,71082.84375,71625.734375,70119.125,70757.1640625,25223152007,-0.4581363662391591,69166.06919642857,68802.403125,363.6660714285681,0,0.0
2024-06-07 00:00:00+00:00,70759.1875,71907.8515625,68507.2578125,69342.5859375,36188381096,-1.999201273457618,69430.52232142857,68896.6046875,533.9176339285623,0,0.0
2024-06-08 00:00:00+00:00,69324.1796875,69533.3203125,69210.7421875,69305.7734375,14262185861,-0.05308786729295578,69658.92745535714,68948.5828125,710.3446428571478,0,1.0
2024-06-09 00:00:00+00:00,69297.4921875,69817.5234375,69160.84375,69647.9921875,13534028500,0.49378101278765296,69929.84040178571,68974.05260416666,955.7877976190503,1,0.0
2024-06-10 00:00:00+00:00,69644.3125,70146.0703125,69232.421875,69512.28125,20597699541,-0.194852619921404,70030.91183035714,69040.33177083333,990.5800595238106,0,0.0
2024-06-11 00:00:00+00:00,69508.078125,69549.4140625,66123.6015625,67332.03125,37116136345,-3.136496113771259,69568.6640625,68902.83020833334,665.8338541666599,0,1.0
2024-06-12 00:00:00+00:00,67321.375,69977.890625,66902.453125,68241.1875,34497940694,1.3502581655740586,69162.71651785714,68899.16145833333,263.55505952381645,1,0.0
2024-06-13 00:00:00+00:00,68243.1015625,68365.78125,66304.5625,66756.3984375,28955204146,-2.1757960505889518,68591.17857142857,68844.38177083334,-253.20319940477202,0,0.0
2024-06-14 00:00:00+00:00,66747.5703125,67294.6484375,65056.89453125,66011.09375,27403884779,-1.1164543099157487,68115.25111607143,68687.45520833334,-572.2040922619053,0,1.0
2024-06-15 00:00:00+00:00,66006.7421875,66402.1875,65871.7734375,66191.0,14121265576,0.27253941690672523,67670.28348214286,68600.7609375,-930.4774553571478,1,1.0
2024-06-16 00:00:00+00:00,66189.359375,66894.84375,66018.25,66639.046875,13281140541,0.6768999939568809,67240.43415178571,68529.56822916666,-1289.1340773809497,1,0.0
2024-06-17 00:00:00+00:00,66636.515625,67188.3203125,65094.96484375,66490.296875,30006354476,-0.22321747830370553,66808.72209821429,68445.48125,-1636.7591517857072,0,0.0
2024-06-18 00:00:00+00:00,66490.9765625,66556.703125,64066.95703125,65140.74609375,39481285950,-2.029695827328193,66495.68136160714,68201.21223958333,-1705.5308779761835,0,0.0
2024-06-19 00:00:00+00:00,65146.66015625,65695.3515625,64693.30078125,64960.296875,21103423504,-0.27701435671353414,66026.98270089286,67827.38098958334,-1800.398288690485,0,0.0
2024-06-20 00:00:00+00:00,64960.296875,66438.9609375,64547.84765625,64828.65625,25641109124,-0.202647819256907,65751.59095982143,67410.43671875,-1658.845758928568,0,0.0
2024-06-21 00:00:00+00:00,64837.98828125,65007.546875,63378.89453125,64096.19921875,26188171739,-1.1298352821403679,65478.03459821428,66966.37239583333,-1488.337797619046,0,1.0
2024-06-22 00:00:00+00:00,64113.86328125,64475.46875,63929.7578125,64252.578125,9858198793,0.24397531859308152,65201.1171875,66627.03854166667,-1425.9213541666686,1,0.0
2024-06-23 00:00:00+00:00,64248.96484375,64491.703125,63180.796875,63180.796875,11170471802,-1.668075089399379,64707.08147321428,66218.70677083333,-1511.6252976190517,0,0.0
2024-06-24 00:00:00+00:00,63173.3515625,63292.52734375,58601.69921875,60277.4140625,43152133651,-4.595356431233677,63819.52678571428,65594.0015625,-1774.4747767857116,0,1.0
2024-06-25 00:00:00+00:00,60266.28125,62258.26171875,60239.75,61804.640625,29201215431,2.5336630415439876,63342.94029017857,65080.158854166664,-1737.2185639880918,1,0.0
2024-06-26 00:00:00+00:00,61789.67578125,62434.13671875,60695.1875,60811.27734375,22506003064,-1.6072632592061153,62750.22321428572,64645.44192708333,-1895.218712797614,0,1.0
2024-06-27 00:00:00+00:00,60811.2265625,62293.86328125,60585.33203125,61604.80078125,21231745045,1.3048951973404943,62289.67243303572,64203.01614583333,-1913.343712797614,1,0.0
2024-06-28 00:00:00+00:00,61612.8046875,62126.09765625,59985.40234375,60320.13671875,24952866877,-2.0853310881755127,61750.23493303572,63773.93203125,-2023.6970982142811,0,1.0
2024-06-29 00:00:00+00:00,60319.875,61097.62109375,60300.96484375,60887.37890625,12652903396,0.9403861104374522,61269.4921875,63432.35104166667,-2162.8588541666686,1,1.0
2024-06-30 00:00:00+00:00,60888.4453125,62892.828125,60632.94921875,62678.29296875,17333226409,2.9413551620566913,61197.70591517857,63198.170572916664,-2000.4646577380918,1,1.0
2024-07-01 00:00:00+00:00,62673.60546875,63777.2265625,62495.51171875,62851.98046875,25468379421,0.2771094932125795,61565.50111607143,62945.699479166666,-1380.1983630952382,1,0.0
2024-07-02 00:00:00+00:00,62844.41015625,63203.359375,61752.74609375,62029.015625,20151616992,-1.3093697885290578,61597.5546875,62648.28072916667,-1050.7260416666686,0,0.0
2024-07-03 00:00:00+00:00,62034.33203125,62187.703125,59419.38671875,60173.921875,29756701685,-2.990687070088416,61506.50390625,62317.15911458333,-810.6552083333299,0,0.0
2024-07-04 00:00:00+00:00,60147.13671875,60399.67578125,56777.8046875,56977.703125,41149609230,-5.311634426354228,60845.489955357145,61784.98619791667,-939.4962425595222,0,0.0
2024-07-05 00:00:00+00:00,57022.80859375,57497.15234375,53717.375,56662.375,55417544033,-0.5534237213954074,60322.95256696428,61240.56744791667,-917.6148809523875,0,1.0
2024-07-06 00:00:00+00:00,56659.07421875,58472.546875,56038.9609375,58303.5390625,20610320577,2.896391234041995,59953.83258928572,60854.39010416667,-900.5575148809512,1,0.0
2024-07-07 00:00:00+00:00,58239.4296875,58371.12109375,55793.32421875,55849.109375,20553359505,-4.20974391429122,58978.23493303572,60294.158854166664,-1315.9239211309468,0,1.0
2024-07-08 00:00:00+00:00,55849.57421875,58131.3359375,54321.01953125,56705.09765625,39766159899,1.5326802715911692,58100.10881696428,59862.445572916666,-1762.336755952383,1,1.0
2024-07-09 00:00:00+00:00,56704.59765625,58239.1953125,56316.875,58009.2265625,27849512607,2.299844211812685,57525.853236607145,59711.233072916664,-2185.3798363095193,1,0.0
2024-07-10 00:00:00+00:00,58033.8828125,59359.43359375,57178.4140625,57742.49609375,26175260526,-0.4598069730556098,57178.50669642857,59440.4234375,-2261.916741071429,0,0.0
2024-07-11 00:00:00+00:00,57729.890625,59299.43359375,57120.37890625,57344.9140625,28707803842,-0.6885432015347748,57230.96540178572,59209.33255208333,-1978.367150297614,0,1.0
2024-07-12 00:00:00+00:00,57341.1953125,58532.5546875,56590.17578125,57899.46484375,25604805221,0.9670444019596935,57407.69252232143,58962.31015625,-1554.617633928574,1,1.0
2024-07-13 00:00:00+00:00,57908.73828125,59787.078125,57796.44140625,59231.953125,17080061806,2.3013827240820017,57540.32310267857,58889.76458333333,-1349.4414806547575,1,1.0
2024-07-14 00:00:00+00:00,59225.25,61329.52734375,59225.25,60787.79296875,22223416061,2.6266900915231206,58245.849330357145,58883.12552083333,-637.2761904761865,1,1.0
2024-07-15 00:00:00+00:00,60815.45703125,64870.15234375,60704.9296875,64870.15234375,38094526099,6.715755212726138,59412.28571428572,59029.24947916667,383.0362351190488,1,1.0
2024-07-16 00:00:00+00:00,64784.41796875,65354.33984375,62487.96875,65097.1484375,41617346768,0.3499237870556282,60424.845982142855,59178.92734375,1245.9186383928536,1,0.0
2024-07-17 00:00:00+00:00,65091.83203125,66066.734375,63896.0859375,64118.79296875,32525071311,-1.502916014346345,61335.74553571428,59318.245833333334,2017.4997023809483,0,0.0
2024-07-18 00:00:00+00:00,64104.73828125,65104.66015625,63246.1640625,63974.06640625,27239305337,-0.22571629283560934,62282.767299107145,59571.58880208333,2711.178497023815,0,1.0
2024-07-19 00:00:00+00:00,63972.32421875,67442.640625,63329.34375,66710.15625,37003855410,4.2768734230136385,63541.4375,60220.41901041667,3321.01848958333,1,1.0
2024-07-20 00:00:00+00:00,66709.921875,67610.734375,66299.6171875,67163.6484375,19029581250,0.6797948213470129,64674.536830357145,60920.50390625,3754.032924107145,1,1.0
2024-07-21 00:00:00+00:00,67164.9140625,68372.90625,65842.296875,68154.5234375,26652190004,1.4753144342986024,65726.92689732143,61577.23619791667,4149.690699404768,1,0.0
2024-07-22 00:00:00+00:00,68152.9765625,68480.0625,66611.296875,67585.25,42649109453,-0.835268752223095,66114.79799107143,62359.64557291667,3755.1524181547647,0,0.0
2024-07-23 00:00:00+00:00,67584.8046875,67779.015625,65484.4609375,65927.671875,35605668666,-2.452573786440093,66233.44419642857,62974.48385416667,3258.9603422618966,0,0.0
2024-07-24 00:00:00+00:00,65927.859375,67113.984375,65146.99609375,65372.1328125,27470942309,-0.8426492953570563,66412.49274553571,63465.34427083333,2947.1484747023787,0,1.0
2024-07-25 00:00:00+00:00,65375.875,66112.421875,63473.47265625,65777.2265625,38315761670,0.619673448871394,66670.08705357143,64000.99296875,2669.0940848214377,1,1.0
2024-07-26 00:00:00+00:00,65771.8125,68207.6015625,65743.765625,67912.0625,30488630457,3.2455548053117234,66841.78794642857,64705.46953125,2136.318415178568,1,0.0
2024-07-27 00:00:00+00:00,67911.8125,69398.5078125,66705.21875,67813.3359375,34691905492,-0.14537411892032726,66934.60044642857,65366.394270833334,1568.206175595231,0,1.0
2024-07-28 00:00:00+00:00,67808.65625,68301.8515625,67085.828125,68255.8671875,18043166945,0.6525726007755361,66949.078125,65967.98854166667,981.0895833333343,1,0.0
2024-07-29 00:00:00+00:00,68259.0546875,69987.5390625,66532.59375,66819.9140625,40780682628,-2.1037797689324123,66839.74441964286,66370.12994791666,469.6144717261923,0,0.0
2024-07-30 00:00:00+00:00,66819.0546875,66987.671875,65323.19140625,66201.015625,31380492109,-0.9262185475442442,66878.79352678571,66458.85416666667,419.9393601190386,0,0.0
2024-07-31 00:00:00+00:00,66201.2734375,66810.2109375,64532.046875,64619.25,31292785994,-2.3893373992326827,66771.23883928571,66426.99427083334,344.24456845237,0,1.0
2024-08-01 00:00:00+00:00,64625.83984375,65593.2421875,62248.94140625,65357.5,40975554494,1.1424614182306447,66711.27790178571,66509.57473958333,201.70316220237873,1,0.0
2024-08-02 00:00:00+00:00,65353.5,65523.22265625,61184.89453125,61415.06640625,43060875727,-6.032105869640059,65783.13560267857,66338.97473958334,-555.8391369047749,0,0.0
2024-08-03 00:00:00+00:00,61414.80859375,62148.37109375,59836.52734375,60680.09375,31753030589,-1.1967302150066583,64764.10100446428,65936.97057291666,-1172.8695684523773,0,0.0
2024-08-04 00:00:00+00:00,60676.09375,61062.98828125,57210.8046875,58116.9765625,31758917219,-4.223983565450573,63315.68805803572,65333.859114583334,-2018.171056547617,0,0.0
2024-08-05 00:00:00+00:00,58110.296875,58268.828125,49121.23828125,53991.45703125,108991085584,-7.098647891315101,61483.05133928572,64389.6546875,-2906.603348214281,0,1.0
2024-08-06 00:00:00+00:00,53991.34765625,57059.91796875,53973.2734375,56034.31640625,49300484106,3.783671505322772,60030.665736607145,63619.592447916664,-3588.9267113095193,1,0.0
2024-08-07 00:00:00+00:00,56040.6328125,57726.8828125,54620.5078125,55027.4609375,41637562185,-1.7968550940289485,58660.41015625,62892.91171875,-4232.5015625000015,0,1.0
2024-08-08 00:00:00+00:00,55030.02734375,62673.765625,54766.7265625,61710.13671875,45298472567,12.144256099404904,58139.35825892857,62648.778645833336,-4509.420386904763,1,0.0
2024-08-09 00:00:00+00:00,61728.20703125,61751.86328125,59587.859375,60880.11328125,33425553115,-1.3450358103773374,58062.93638392857,62322.304427083334,-4259.368043154762,0,1.0
2024-08-10 00:00:00+00:00,60881.23046875,61464.51171875,60287.56640625,60945.8125,15745822278,0.1079157301276501,58100.896205357145,61857.88776041667,-3756.991555059525,1,0.0
2024-08-11 00:00:00+00:00,60944.890625,61778.66015625,58348.82421875,58719.484375,22759754812,-3.6529632368097475,58186.96875,61251.63098958333,-3064.662239583333,0,1.0
2024-08-12 00:00:00+00:00,58719.39453125,60680.33203125,57688.8984375,59354.515625,37078637820,1.0814659848586317,58953.11997767857,60658.20755208333,-1705.087574404759,1,1.0
2024-08-13 00:00:00+00:00,59356.20703125,61572.3984375,58506.25390625,60609.56640625,30327698167,2.1144992390795814,59606.72712053572,60244.184375,-637.4572544642797,1,0.0
2024-08-14 00:00:00+00:00,60611.05078125,61687.7578125,58472.875,58737.26953125,29961696180,-3.08911115194338,60136.69977678572,59746.601302083334,390.0984747023831,0,0.0
2024-08-15 00:00:00+00:00,58733.26171875,59838.6484375,56161.59375,57560.09765625,35682112440,-2.0041310813293967,59543.83705357143,59275.99114583333,267.8459077380976,0,1.0
2024-08-16 00:00:00+00:00,57560.2734375,59847.359375,57110.01953125,58894.10546875,29350938673,2.3175912946963972,59260.12165178572,58845.09817708333,415.023474702386,1,1.0
2024-08-17 00:00:00+00:00,58893.53125,59694.66796875,58814.83203125,59478.97265625,13589684021,0.993082725079053,59050.57310267857,58716.02526041667,334.5478422619053,1,0.0
2024-08-18 00:00:00+00:00,59468.1328125,60262.71875,58445.40234375,58483.96484375,17740625837,-1.6728732324455264,59016.927455357145,58569.61666666667,447.31078869047633,0,1.0
2024-08-19 00:00:00+00:00,58480.7109375,59612.66015625,57864.7109375,59493.453125,25911207712,1.726094125025579,59036.775669642855,58661.38177083333,375.3938988095251,1,0.0
2024-08-20 00:00:00+00:00,59493.453125,61396.328125,58610.8828125,59012.79296875,31613400008,-0.8079210921579816,58808.66517857143,58996.1375,-187.47232142856956,0,1.0
2024-08-21 00:00:00+00:00,59014.98828125,61834.3515625,58823.4453125,61175.19140625,32731154072,3.664287570061453,59156.939732142855,59338.8625,-181.92276785714785,1,0.0
2024-08-22 00:00:00+00:00,61168.31640625,61408.109375,59815.25390625,60381.9140625,27625734377,-1.2967304646127387,59560.056361607145,59695.82604166667,-135.76968005952222,0,1.0
2024-08-23 00:00:00+00:00,60380.953125,64947.0625,60372.05078125,64094.35546875,42530509233,6.148267182135592,60302.94921875,59854.77395833333,448.1752604166686,1,1.0
2024-08-24 00:00:00+00:00,64103.87109375,64513.7890625,63619.91796875,64178.9921875,21430585163,0.13205019089592707,60974.380580357145,60074.69921875,899.6813616071449,1,1.0
2024-08-25 00:00:00+00:00,64176.3671875,64996.421875,63833.51953125,64333.54296875,18827683555,0.24081210374646833,61810.03459821428,60300.54791666667,1509.4866815476125,1,0.0
2024-08-26 00:00:00+00:00,64342.2265625,64489.70703125,62849.55859375,62880.66015625,27682040631,-2.2583597070127692,62293.92131696428,60577.959635416664,1715.9616815476184,0,0.0
2024-08-27 00:00:00+00:00,62879.70703125,63210.796875,58116.75,59504.1328125,39103882198,-5.369739018896724,62364.11272321428,60587.93411458333,1776.1786086309512,0,0.0
2024-08-28 00:00:00+00:00,59507.92578125,60236.44921875,57890.67578125,59027.625,40289564698,-0.800797843742207,62057.31752232143,60482.471354166664,1574.8461681547633,0,1.0
2024-08-29 00:00:00+00:00,59027.46875,61184.08203125,58786.2265625,59388.1796875,32224990582,0.6108236397788236,61915.35546875,60525.86536458333,1389.4901041666672,1,0.0
2024-08-30 00:00:00+00:00,59388.6015625,59896.88671875,57768.53125,59119.4765625,32292756405,-0.4524521990973862,61204.658482142855,60629.823958333334,574.8345238095208,0,0.0
2024-08-31 00:00:00+00:00,59117.48046875,59432.59375,58768.78515625,58969.8984375,12403470760,-0.2530098940268344,60460.502232142855,60634.87682291667,-174.3745907738121,0,0.0
2024-09-01 00:00:00+00:00,58969.80078125,59062.0703125,57217.82421875,57325.48828125,24592449997,-2.7885585694078285,59459.3515625,60491.311197916664,-1031.9596354166642,0,1.0
2024-09-02 00:00:00+00:00,57326.96875,59403.0703125,57136.02734375,59112.48046875,27036454524,3.1172733823612075,58921.04017857143,60533.212239583336,-1612.1720610119082,1,0.0
2024-09-03 00:00:00+00:00,59106.19140625,59815.05859375,57425.16796875,57431.0234375,26666961053,-2.844504270361159,58624.88169642857,60395.71692708333,-1770.8352306547604,0,1.0
2024-09-04 00:00:00+00:00,57430.34765625,58511.5703125,55673.1640625,57971.5390625,35627680312,0.941156177702851,58474.01227678572,60326.3,-1852.2877232142855,1,0.0
2024-09-05 00:00:00+00:00,57971.703125,58300.58203125,55712.453125,56160.48828125,31030280656,-3.1240343288065575,58012.91350446428,59991.98645833333,-1979.0729538690503,0,0.0
2024-09-06 00:00:00+00:00,56160.19140625,56976.109375,52598.69921875,53948.75390625,49361693566,-3.938239218868078,57274.23883928572,59563.109114583334,-2288.870275297617,0,1.0
2024-09-07 00:00:00+00:00,53949.0859375,54838.14453125,53740.0703125,54139.6875,19061486526,0.3539165966313096,56584.208705357145,58899.464583333334,-2315.2558779761894,1,1.0
2024-09-08 00:00:00+00:00,54147.93359375,55300.859375,53653.7578125,54841.56640625,18268287531,1.2964221602682846,56229.36272321428,58276.96953125,-2047.6068080357145,1,1.0
2024-09-09 00:00:00+00:00,54851.88671875,58041.125,54598.43359375,57019.53515625,34618096173,3.9713831911113884,55930.37053571428,57789.36901041667,-1858.9984747023846,1,1.0
2024-09-10 00:00:00+00:00,57020.09765625,58029.9765625,56419.4140625,57648.7109375,28857630507,1.1034389872275785,55961.46875,57440.57239583333,-1479.1036458333328,1,0.0
2024-09-11 00:00:00+00:00,57650.2890625,57991.3203125,55567.33984375,57343.171875,37049062672,-0.5300015516934153,55871.70200892857,57296.50833333333,-1424.806324404759,0,1.0
2024-09-12 00:00:00+00:00,57343.171875,58534.359375,57330.1015625,58127.01171875,33835707949,1.3669279499548104,56152.63392857143,57236.467447916664,-1083.8335193452367,1,1.0
2024-09-13 00:00:00+00:00,58130.32421875,60648.0234375,57650.11328125,60571.30078125,32490528356,4.205082955798245,57098.71205357143,57315.3421875,-216.630133928571,1,0.0
2024-09-14 00:00:00+00:00,60569.1171875,60656.72265625,59517.8828125,60005.12109375,16428405496,-0.934732588201681,57936.631138392855,57374.38515625,562.2459821428565,0,0.0
2024-09-15 00:00:00+00:00,60000.7265625,60381.91796875,58696.30859375,59182.8359375,18120960867,-1.3703582981947293,58556.8125,57388.58098958333,1168.23151041667,0,0.0
2024-09-16 00:00:00+00:00,59185.2265625,59205.51171875,57501.33984375,58192.5078125,32032822113,-1.6733367188517922,58724.38002232143,57446.38229166667,1277.997730654759,0,1.0
2024-09-17 00:00:00+00:00,58192.5078125,61316.08984375,57628.0703125,60308.5390625,38075570118,3.63626062794542,59104.35546875,57526.11953125,1578.2359375000015,1,1.0
2024-09-18 00:00:00+00:00,60309.0,61664.06640625,59218.25390625,61649.6796875,40990702891,2.223798894564699,59719.57087053572,57807.36328125,1912.2075892857174,1,1.0
2024-09-19 00:00:00+00:00,61651.15625,63872.44140625,61609.8671875,62940.45703125,42710252573,2.0937291974474137,60407.20591517857,58138.62447916667,2268.581436011904,1,1.0
2024-09-20 00:00:00+00:00,62941.42578125,64119.53125,62364.60546875,63192.9765625,35177164222,0.40120384115518437,60781.73102678572,58607.45703125,2174.2739955357174,1,1.0
2024-09-21 00:00:00+00:00,63184.33984375,63543.359375,62783.10546875,63394.83984375,14408616220,0.3194394254405042,61265.9765625,59237.19609375,2028.780468750003,1,1.0
2024-09-22 00:00:00+00:00,63396.8046875,63993.421875,62440.7265625,63648.7109375,20183348802,0.4004601863112578,61903.958705357145,59871.13098958333,2032.827715773812,1,0.0
2024-09-23 00:00:00+00:00,63643.1015625,64733.55859375,62628.078125,63329.80078125,31400285425,-0.5010473135318549,62637.857700892855,60437.01328125,2200.8444196428536,0,1.0
2024-09-24 00:00:00+00:00,63326.83984375,64695.21484375,62737.41796875,64301.96875,29938335243,1.535087678718594,63208.34765625,60922.50885416667,2285.83880208333,1,0.0
2024-09-25 00:00:00+00:00,64302.58984375,64804.50390625,62945.375,63143.14453125,25078377700,-1.8021597802944433,63421.69977678572,61288.804427083334,2132.895349702383,0,1.0
2024-09-26 00:00:00+00:00,63138.546875,65790.796875,62669.26953125,65181.01953125,36873129847,3.2273891570151925,63741.78013392857,61811.32760416667,1930.4525297619039,1,1.0
2024-09-27 00:00:00+00:00,65180.6640625,66480.6953125,64852.9921875,65790.6640625,32058813449,0.935309904070647,64112.87834821428,62322.23776041667,1790.640587797614,1,1.0
2024-09-28 00:00:00+00:00,65792.1796875,66255.53125,65458.03515625,65887.6484375,15243637984,0.14741358273548943,64468.993861607145,62676.6609375,1792.3329241071478,1,0.0
2024-09-29 00:00:00+00:00,65888.8984375,66069.34375,65450.015625,65635.3046875,14788214575,-0.3829909793174213,64752.79296875,63052.006510416664,1700.7864583333358,0,0.0
2024-09-30 00:00:00+00:00,65634.65625,65635.0546875,62873.6171875,63329.5,37112957475,-3.5130555094979754,64752.75,63328.45078125,1424.2992187499985,0,0.0
2024-10-01 00:00:00+00:00,63335.60546875,64110.98046875,60189.27734375,60837.0078125,50220923500,-3.9357521968434894,64257.755580357145,63504.75078125,753.0047991071478,0,0.0
2024-10-02 00:00:00+00:00,60836.32421875,62357.6875,59996.94921875,60632.78515625,40762722398,-0.335688199655404,63899.1328125,63526.3671875,372.765625,0,1.0
2024-10-03 00:00:00+00:00,60632.484375,61469.0390625,59878.8046875,60759.40234375,36106447279,0.20882627636797935,63267.47321428572,63467.015364583334,-199.5421502976169,1,1.0
2024-10-04 00:00:00+00:00,60754.625,62465.9921875,60459.94140625,62067.4765625,29585472513,2.1528753876634443,62735.58928571428,63408.816666666666,-673.2273809523831,1,1.0
2024-10-05 00:00:00+00:00,62067.609375,62371.0234375,61689.58203125,62089.94921875,13305410749,0.03620681473552878,62193.060825892855,63335.281510416666,-1142.2206845238106,1,1.0
2024-10-06 00:00:00+00:00,62084.98828125,62959.5703125,61833.1484375,62818.953125,14776233667,1.1741093613744757,61790.724888392855,63296.8890625,-1506.1641741071435,1,0.0
2024-10-07 00:00:00+00:00,62819.109375,64443.70703125,62152.55078125,62236.66015625,34253562610,-0.9269383518558882,61634.60491071428,63202.75234375,-1568.147433035716,0,0.0
2024-10-08 00:00:00+00:00,62221.64453125,63174.3046875,61843.5625,62131.96875,28134475157,-0.1682150134457161,61819.599330357145,63122.896875,-1303.2975446428536,0,0.0
2024-10-09 00:00:00+00:00,62131.7265625,62508.8359375,60314.61328125,60582.1015625,27670982363,-2.4944762232405493,61812.35881696428,62874.90572916667,-1062.546912202386,0,0.0
2024-10-10 00:00:00+00:00,60581.9296875,61236.72265625,58895.20703125,60274.5,30452813570,-0.5077433013489285,61743.08705357143,62683.662760416664,-940.5757068452367,0,1.0
2024-10-11 00:00:00+00:00,60275.4609375,63400.87109375,60046.125,62445.08984375,30327141594,3.6011743668549645,61797.03180803572,62501.26744791667,-704.2356398809497,1,1.0
2024-10-12 00:00:00+00:00,62444.6171875,63448.78515625,62443.26953125,63193.0234375,16744110886,1.1977460447594401,61954.61383928572,62328.09140625,-373.47756696428405,1,0.0
2024-10-13 00:00:00+00:00,63192.9453125,63272.65234375,62035.63671875,62851.375,18177529690,-0.5406426515387475,61959.24553571428,62125.673177083336,-166.42764136905316,0,1.0
2024-10-14 00:00:00+00:00,62848.3984375,66482.4921875,62442.15234375,66046.125,43706958056,5.0830232433260125,62503.454799107145,62153.061197916664,350.3936011904807,1,1.0
2024-10-15 00:00:00+00:00,66050.3671875,67881.6796875,64809.1953125,67041.109375,48863870879,1.5064992457922477,63204.76060267857,62400.50182291667,804.2587797619053,1,1.0
2024-10-16 00:00:00+00:00,67042.4609375,68375.2890625,66758.7265625,67612.71875,38195189534,0.8526251733136592,64209.134486607145,62852.21588541667,1356.9186011904749,1,0.0
2024-10-17 00:00:00+00:00,67617.078125,67912.2109375,66647.390625,67399.8359375,32790898511,-0.31485616380424464,65227.03962053572,63303.35260416667,1923.6870163690473,0,1.0
2024-10-18 00:00:00+00:00,67419.109375,68969.75,67177.8203125,68418.7890625,36857165014,1.5118035686984221,66080.42522321429,63813.97838541667,2266.4468377976227,1,0.0
2024-10-19 00:00:00+00:00,68418.9765625,68668.0078125,68024.640625,68362.734375,14443497908,-0.08192879217548965,66818.95535714286,64233.66223958333,2585.293117559522,0,1.0
2024-10-20 00:00:00+00:00,68364.1796875,69359.0078125,68105.71875,69001.703125,18975847518,0.9346740674458287,67697.57366071429,64694.44583333333,3003.1278273809585,1,0.0
2024-10-21 00:00:00+00:00,69002.0,69462.734375,66829.8515625,67367.8515625,37498611780,-2.3678423698328066,67886.39174107143,64997.705729166664,2888.6860119047706,0,0.0
2024-10-22 00:00:00+00:00,67360.703125,67801.578125,66581.3671875,67361.40625,31808472566,-0.009567341618454961,67932.1484375,65339.35546875,2592.79296875,0,0.0
2024-10-23 00:00:00+00:00,67362.375,67402.7421875,65188.03515625,66432.1953125,32263980353,-1.379441121005398,67763.50223214286,65626.03723958334,2137.464992559515,0,1.0
2024-10-24 00:00:00+00:00,66653.703125,68798.9609375,66454.1015625,68161.0546875,31414428647,2.602442034118191,67872.24776785714,66131.30078125,1740.946986607145,1,0.0
2024-10-25 00:00:00+00:00,68165.296875,68722.15625,65521.79296875,66642.4140625,41469984306,-2.2280180844656217,67618.47991071429,66555.82838541667,1062.6515252976242,0,1.0
2024-10-26 00:00:00+00:00,66628.734375,67317.921875,66360.59375,67014.6953125,19588098156,0.558625096700216,67425.90290178571,66860.46875,565.4341517857101,1,1.0
2024-10-27 00:00:00+00:00,67023.4765625,68221.3125,66847.2265625,67929.296875,16721307878,1.364777618155344,67272.70200892857,67176.2203125,96.48169642857101,1,1.0
2024-10-28 00:00:00+00:00,67922.671875,70212.265625,67535.1328125,69907.7578125,38799856657,2.912529686772203,67635.54575892857,67646.64583333333,-11.10007440476329,1,1.0
2024-10-29 00:00:00+00:00,69910.046875,73577.2109375,69729.9140625,72720.4921875,58541874402,4.023493905417541,68401.12946428571,68091.60364583334,309.52581845237,1,0.0
2024-10-30 00:00:00+00:00,72715.3671875,72905.296875,71411.734375,72339.5390625,40646637831,-0.5238593875544262,69245.03571428571,68444.83229166667,800.2034226190444,0,0.0
2024-10-31 00:00:00+00:00,72335.046875,72662.3125,69590.5,70215.1875,40627912076,-2.9366396164960396,69538.48325892857,68618.33020833334,920.1530505952251,0,0.0
2024-11-01 00:00:00+00:00,70216.8984375,71559.015625,68779.703125,69482.46875,49989795365,-1.0435331387529279,69944.20535714286,68757.17239583333,1187.0329613095237,0,0.0
2024-11-02 00:00:00+00:00,69486.0234375,69867.3515625,69033.71875,69289.2734375,18184612091,-0.27804900426771084,70269.14508928571,68815.2046875,1453.940401785716,0,0.0
2024-11-03 00:00:00+00:00,69296.3828125,69361.65625,67482.5234375,68741.1171875,34868307655,-0.791112711687536,70385.11941964286,68840.43020833333,1544.6892113095237,0,0.0
2024-11-04 00:00:00+00:00,68742.1328125,69433.1796875,66803.6484375,67811.5078125,41184819348,-1.3523338185854272,70085.65513392857,68761.08385416666,1324.5712797619053,0,1.0
2024-11-05 00:00:00+00:00,67811.171875,70522.7890625,67458.8671875,69359.5625,46046889204,2.282879023690776,69605.52232142857,68893.86458333333,711.6577380952367,1,1.0
2024-11-06 00:00:00+00:00,69358.5,76460.15625,69322.03125,75639.078125,118592653963,9.053568676993894,70076.88504464286,69445.709375,631.1756696428492,1,1.0
2024-11-07 00:00:00+00:00,75637.0859375,76943.1171875,74480.421875,75904.859375,63467654989,0.3513808689745934,70889.6953125,70077.2203125,812.4750000000058,1,1.0
2024-11-08 00:00:00+00:00,75902.8359375,77252.75,75648.7421875,76545.4765625,55176858003,0.8439738809541852,71898.69642857143,70636.18177083334,1262.5146577380947,1,1.0
2024-11-09 00:00:00+00:00,76556.1875,76932.765625,75773.7890625,76778.8671875,29009480361,0.30490452928257916,72968.63839285714,71311.9453125,1656.693080357145,1,1.0
2024-11-10 00:00:00+00:00,76775.546875,81474.421875,76565.4296875,80474.1875,82570594495,4.8129393514959595,74644.79129464286,72209.24479166667,2435.5465029761835,1,1.0
2024-11-11 00:00:00+00:00,80471.4140625,89604.5,80283.25,88701.484375,117966845037,10.223522760015435,77629.07366071429,73594.05729166667,4035.0163690476184,1,0.0
2024-11-12 00:00:00+00:00,88705.5625,89956.8828125,85155.109375,87955.8125,133673285375,-0.8406532091926988,80285.68080357143,74797.2609375,5488.419866071432,0,1.0
2024-11-13 00:00:00+00:00,87929.96875,93434.3515625,86256.9296875,90584.1640625,123559027869,2.9882636380625716,82420.69308035714,75988.17239583333,6432.5206845238135,1,0.0
2024-11-14 00:00:00+00:00,90574.8828125,91765.21875,86682.8125,87250.4296875,87616705248,-3.6802617869276077,84041.48883928571,76982.23177083333,7059.257068452382,0,1.0
2024-11-15 00:00:00+00:00,87284.1796875,91868.7421875,87124.8984375,91066.0078125,78243109518,4.373133907381366,86115.85044642857,78372.28645833333,7743.563988095237,1,0.0
2024-11-16 00:00:00+00:00,91064.3671875,91763.9453125,90094.2265625,90558.4765625,44333192814,-0.5573223886622736,88084.36607142857,79777.35364583334,8307.012425595225,0,0.0
2024-11-17 00:00:00+00:00,90558.4609375,91433.0390625,88741.6640625,89845.8515625,46350159305,-0.7869224693816235,89423.17522321429,81147.7921875,8275.383035714287,0,1.0
2024-11-18 00:00:00+00:00,89843.71875,92596.7890625,89393.59375,90542.640625,75535775084,0.7755383808848215,89686.19754464286,82601.22708333333,7084.970461309524,1,1.0
2024-11-19 00:00:00+00:00,90536.8125,94002.8671875,90426.984375,92343.7890625,74521048295,1.9892819836786257,90313.05133928571,84236.7125,6076.338839285716,1,1.0
2024-11-20 00:00:00+00:00,92341.890625,94902.0234375,91619.5,94339.4921875,71730956426,2.161166598491282,90849.52678571429,85902.04114583334,4947.48563988095,1,1.0
2024-11-21 00:00:00+00:00,94334.640625,99014.21875,94132.6015625,98504.7265625,106024505582,4.415154542830901,92457.28348214286,87426.41770833333,5030.865773809521,1,1.0
2024-11-22 00:00:00+00:00,98496.4296875,99655.5,97222.6640625,98997.6640625,78473580551,0.5004201495724558,93590.37723214286,88965.93802083333,4624.439211309524,1,0.0
2024-11-23 00:00:00+00:00,99006.7421875,99014.6796875,97232.890625,97777.28125,44414644677,-1.232738998497518,94621.63504464286,90381.39166666666,4240.243377976192,0,1.0
2024-11-24 00:00:00+00:00,97778.09375,98647.1796875,95788.078125,98013.8203125,51712020623,0.2419161787646784,95788.48772321429,91797.05520833333,3991.4325148809585,1,0.0
2024-11-25 00:00:00+00:00,98033.4453125,98935.03125,92642.9140625,93102.296875,80909462490,-5.01105193312582,96154.15290178571,92638.92916666667,3515.2237351190415,0,0.0
2024-11-26 00:00:00+00:00,93087.28125,94991.75,90770.8125,91985.3203125,91656519855,-1.1997304040733403,96102.94308035714,92857.8515625,3245.091517857145,0,1.0
2024-11-27 00:00:00+00:00,91978.140625,97361.1796875,91778.6640625,95962.53125,71133452438,4.323745271515378,96334.80580357143,93391.6328125,2943.172991071435,1,0.0
2024-11-28 00:00:00+00:00,95954.9453125,96650.203125,94677.3515625,95652.46875,52260008261,-0.32310787967048116,95927.34040178571,93729.51979166667,2197.8206101190444,0,1.0
2024-11-29 00:00:00+00:00,95653.953125,98693.171875,95407.8828125,97461.5234375,54968682476,1.8912786163713058,95707.89174107143,94410.259375,1297.6323660714406,1,0.0
2024-11-30 00:00:00+00:00,97468.8125,97499.34375,96144.21875,96449.0546875,31634227866,-1.0388394458550332,95518.14508928571,94769.12916666667,749.0159226190444,0,1.0
2024-12-01 00:00:00+00:00,96461.3359375,97888.125,95770.1875,97279.7890625,36590695296,0.8613193542348574,95413.28348214286,95217.21666666666,196.0668154761952,1,0.0
2024-12-02 00:00:00+00:00,97276.0078125,98152.6015625,94482.8671875,95865.3046875,72680784305,-1.454037255458307,95807.99888392857,95618.51354166666,189.48534226190532,0,1.0
2024-12-03 00:00:00+00:00,95854.59375,96297.203125,93629.5625,96002.1640625,67067810961,0.1427621551364444,96381.83370535714,95982.48177083333,399.35193452381645,1,1.0
2024-12-04 00:00:00+00:00,95988.53125,99207.328125,94660.5234375,98768.53125,77199817112,2.881567529768403,96782.69084821429,96410.79791666666,371.8929315476271,1,0.0
2024-12-05 00:00:00+00:00,98741.5390625,103900.46875,91998.78125,96593.5703125,149218945580,-2.2020788503929523,96917.13392857143,96561.06979166667,356.0641369047662,0,1.0
2024-12-06 00:00:00+00:00,97074.2265625,102039.8828125,96514.875,99920.7109375,94534772658,3.444474217316973,97268.44642857143,96655.46875,612.9776785714348,1,1.0
2024-12-07 00:00:00+00:00,99916.7109375,100563.3828125,99030.8828125,99923.3359375,44177510897,0.002627082989481444,97764.77232142857,96717.18020833333,1047.5921130952338,1,1.0
2024-12-08 00:00:00+00:00,99921.9140625,101399.9921875,98771.515625,101236.015625,44125751925,1.3136868131795154,98329.94754464286,96947.7625,1382.185044642858,1,0.0
2024-12-09 00:00:00+00:00,101237.0625,101272.5078125,94355.9140625,97432.71875,110676473908,-3.7568614800964073,98553.86383928571,96909.02239583334,1644.841443452373,0,0.0
2024-12-10 00:00:00+00:00,97441.234375,98270.15625,94321.2578125,96675.4296875,104823780634,-0.7772430783165474,98650.04464285714,97147.23125,1502.8133928571478,0,1.0
2024-12-11 00:00:00+00:00,96656.0625,101913.359375,95747.2265625,101173.03125,85391409936,4.652269534294651,98993.54464285714,97759.7453125,1233.799330357142,1,0.0
2024-12-12 00:00:00+00:00,101167.8046875,102524.9140625,99339.953125,100043.0,72073983533,-1.1169293200355757,99486.3203125,98031.7765625,1454.543749999997,0,1.0
2024-12-13 00:00:00+00:00,100046.6484375,101888.8046875,99233.28125,101459.2578125,56894751583,1.4156490833941326,99706.11272321429,98418.89583333333,1287.2168898809614,1,0.0
2024-12-14 00:00:00+00:00,101451.4375,102618.8828125,100634.0546875,101372.96875,40422968793,-0.08504799301751742,99913.203125,98679.65885416667,1233.5442708333285,0,1.0
2024-12-15 00:00:00+00:00,101373.53125,105047.5390625,101227.03125,104298.6953125,51145914137,2.886101293644905,100350.72879464286,99202.96822916667,1147.7605654761865,1,1.0
2024-12-16 00:00:00+00:00,104293.578125,107780.578125,103322.984375,106029.71875,91020417816,1.6596788984881483,101578.87165178571,99786.296875,1792.5747767857101,1,1.0
2024-12-17 00:00:00+00:00,106030.6875,108268.4453125,105291.734375,106140.6015625,68589364868,0.1045771070669721,102931.0390625,100471.31666666667,2459.7223958333343,1,0.0
2024-12-18 00:00:00+00:00,106147.296875,106470.609375,100041.5390625,100041.5390625,93865656139,-5.746210601989676,102769.39732142857,100740.60833333334,2028.788988095228,0,0.0
2024-12-19 00:00:00+00:00,100070.6875,102748.1484375,95587.6796875,97490.953125,97221662392,-2.5495268879325628,102404.81919642857,100655.43645833334,1749.382738095228,0,1.0
2024-12-20 00:00:00+00:00,97484.6953125,98098.9140625,92175.1796875,97755.9296875,105634083408,0.2717960528709318,101875.77232142857,100732.92708333333,1142.8452380952367,1,0.0
2024-12-21 00:00:00+00:00,97756.1953125,99507.1015625,96426.5234375,97224.7265625,51765334294,-0.5433973434635808,101283.16629464286,100553.19479166667,729.9715029761865,0,0.0
2024-12-22 00:00:00+00:00,97218.3203125,97360.265625,94202.1875,95104.9375,43147981314,-2.1802983021374844,99969.77232142857,100231.96822916667,-262.1959077381034,0,0.0
2024-12-23 00:00:00+00:00,95099.390625,96416.2109375,92403.1328125,94686.2421875,65239002919,-0.4402456102765462,98349.27566964286,99795.31666666667,-1446.0409970238106,0,1.0
2024-12-24 00:00:00+00:00,94684.34375,99404.0625,93448.015625,98676.09375,47114953674,4.213760595334648,97282.91741071429,99878.20833333333,-2595.2909226190386,1,1.0
2024-12-25 00:00:00+00:00,98675.9140625,99478.75,97593.46875,99299.1953125,33700394629,0.6314615210434305,97176.86830357143,100053.12604166666,-2876.257738095228,1,0.0
2024-12-26 00:00:00+00:00,99297.6953125,99884.5703125,95137.8828125,95795.515625,47054980873,-3.528406928650052,96934.66294642857,99694.625,-2759.962053571435,0,0.0
2024-12-27 00:00:00+00:00,95704.9765625,97294.84375,93310.7421875,94164.859375,52419934565,-1.7022260795415023,96421.65290178571,99302.74895833334,-2881.096056547627,0,1.0
2024-12-28 00:00:00+00:00,94160.1875,95525.8984375,94014.2890625,95163.9296875,24107436185,1.0609799867287384,96127.25334821429,98883.06041666666,-2755.80706845237,1,0.0
2024-12-29 00:00:00+00:00,95174.0546875,95174.875,92881.7890625,93530.2265625,29635885267,-1.7167251608511402,95902.29464285714,98360.2109375,-2457.916294642855,0,0.0
2024-12-30 00:00:00+00:00,93527.1953125,94903.3203125,91317.1328125,92643.2109375,56188003691,-0.948373223930199,95610.43303571429,97583.17864583334,-1972.7456101190473,0,1.0
2024-12-31 00:00:00+00:00,92643.25,96090.6015625,91914.03125,93429.203125,43625106843,0.8484077565384274,94860.87723214286,96743.14427083333,-1882.2670386904792,1,1.0
2025-01-01 00:00:00+00:00,93425.1015625,94929.8671875,92788.125,94419.7578125,24519888919,1.060219561302178,94163.81473214286,95961.7546875,-1797.939955357142,1,1.0
2025-01-02 00:00:00+00:00,94416.2890625,97739.8203125,94201.5703125,96886.875,46009564411,2.6129247147606893,94319.72321428571,95751.44375,-1431.7205357142957,1,1.0
2025-01-03 00:00:00+00:00,96881.7265625,98956.9140625,96034.6171875,98107.4296875,35611391163,1.2597729955682757,94882.94754464286,95792.5421875,-909.5946428571478,1,1.0
2025-01-04 00:00:00+00:00,98106.9921875,98734.4296875,97562.9765625,98236.2265625,22342608078,0.13128146911018934,95321.84709821429,95824.56197916667,-502.71488095237873,1,1.0
2025-01-05 00:00:00+00:00,98233.90625,98813.3046875,97291.765625,98314.9609375,20525254825,0.0801480042089242,96005.38058035714,95897.24427083334,108.13630952380481,1,1.0
2025-01-06 00:00:00+00:00,98314.953125,102482.875,97926.1484375,102078.0859375,51823432705,3.8276219245942267,97353.21986607143,96362.12083333333,991.0990327381005,1,0.0
2025-01-07 00:00:00+00:00,102248.8515625,102712.484375,96132.875,96922.703125,58685738547,-5.050430525956884,97852.29129464286,96511.21822916667,1341.0730654761865,0,0.0
2025-01-08 00:00:00+00:00,96924.1640625,97258.3203125,92525.84375,95043.5234375,63875859171,-1.9388436629511285,97941.40066964286,96269.046875,1672.353794642855,0,0.0
2025-01-09 00:00:00+00:00,95043.484375,95349.71875,91220.84375,92484.0390625,62777261693,-2.6929603222076492,97312.42410714286,95814.703125,1497.720982142855,0,1.0
2025-01-10 00:00:00+00:00,92494.4921875,95770.609375,92250.09375,94701.453125,62058693684,2.3976181025154863,96825.85602678571,95741.765625,1084.0904017857101,1,0.0
2025-01-11 00:00:00+00:00,94700.8359375,94977.6875,93840.046875,94566.59375,18860894100,-0.1424047578467369,96301.62276785714,95768.54791666666,533.0748511904821,0,0.0
2025-01-12 00:00:00+00:00,94565.7265625,95367.5390625,93712.5078125,94488.4375,20885130965,-0.08264678561502592,95754.9765625,95723.51510416667,31.461458333331393,0,1.0
2025-01-13 00:00:00+00:00,94488.890625,95837.0,89260.1015625,94516.5234375,72978998252,0.029724205673309356,94674.75334821429,95789.26822916667,-1114.5148809523816,1,1.0
2025-01-14 00:00:00+00:00,94519.0078125,97352.6640625,94322.15625,96534.046875,53769675818,2.1345722040169157,94619.23102678571,96048.65729166666,-1429.4262648809527,1,1.0
2025-01-15 00:00:00+00:00,96534.046875,100697.234375,96501.640625,100504.4921875,57805923627,4.11299996325778,95399.36941964286,96520.34322916667,-1120.9738095238135,1,0.0
2025-01-16 00:00:00+00:00,100505.296875,100781.5859375,97364.4453125,99756.90625,54103781805,-0.7438333563293043,96438.35044642857,96876.153125,-437.8026785714319,0,1.0
2025-01-17 00:00:00+00:00,100025.765625,105884.2265625,99948.90625,104462.0390625,71888972663,4.716598568833419,97832.71986607143,97381.1640625,451.5558035714348,1,0.0
2025-01-18 00:00:00+00:00,104124.953125,104913.203125,102226.6171875,104408.0703125,50445655726,-0.051663504258914195,99238.64508928571,97801.20677083333,1437.4383184523758,0,0.0
2025-01-19 00:00:00+00:00,104411.2890625,106299.796875,99570.53125,101089.609375,76789928525,-3.1783567377192568,100181.66964285714,97991.43229166667,2190.2373511904734,0,1.0
2025-01-20 00:00:00+00:00,101083.75,109114.8828125,99471.359375,102016.6640625,126279678351,0.9170622908047932,101253.11830357143,98238.2125,3014.9058035714406,1,1.0
2025-01-21 00:00:00+00:00,102052.578125,107180.921875,100103.953125,106146.265625,88733878242,4.047967653568851,102626.29241071429,98509.42447916667,4116.867931547618,1,0.0
2025-01-22 00:00:00+00:00,106136.3828125,106294.34375,103360.265625,103653.0703125,53878181052,-2.3488299826845638,103076.08928571429,98958.115625,4117.973660714284,0,1.0
2025-01-23 00:00:00+00:00,103657.671875,106820.328125,101257.8046875,103960.171875,104104515428,0.2962783076025932,103676.55580357143,99552.55885416667,4123.996949404769,1,1.0
2025-01-24 00:00:00+00:00,103965.671875,107098.546875,102772.125,104819.484375,52388229265,0.8265785680243276,103727.61941964286,100374.921875,3352.697544642855,1,0.0
2025-01-25 00:00:00+00:00,104824.03125,105243.7890625,104120.375,104714.6484375,23888996502,-0.10001569662844156,103771.41629464286,101042.46822916667,2728.9480654761865,0,0.0
2025-01-26 00:00:00+00:00,104713.2109375,105438.6484375,102507.7109375,102682.5,22543395879,-1.9406534499448846,103998.97209821429,101583.52864583333,2415.4434523809614,0,0.0
2025-01-27 00:00:00+00:00,102680.3046875,103214.109375,97795.9375,102087.6875,89006608428,-0.5792734886665207,104009.11830357143,102090.1453125,1918.9729910714377,0,0.0
2025-01-28 00:00:00+00:00,102095.4140625,103730.8203125,100238.1875,101332.4765625,47180685494,-0.7397669160641884,103321.43415178571,102544.5421875,776.8919642857072,0,1.0
2025-01-29 00:00:00+00:00,101317.5234375,104750.8046875,101283.8203125,103703.2109375,47432049818,2.3395602825692086,103328.59709821429,103022.48645833334,306.11063988094975,1,1.0
2025-01-30 00:00:00+00:00,103709.3359375,106418.765625,103321.6484375,104735.3046875,41915744521,0.9952379879751394,103439.33035714286,103304.540625,134.78973214286088,1,0.0
2025-01-31 00:00:00+00:00,104737.5625,106026.3515625,101543.8828125,102405.0234375,45732764360,-2.2249243050878498,103094.40736607143,103481.08177083333,-386.6744047618995,0,0.0
2025-02-01 00:00:00+00:00,102402.796875,102755.7265625,100297.7109375,100655.90625,27757944848,-1.7080384621634526,102514.58705357143,103227.33958333333,-712.7525297618995,0,0.0
2025-02-02 00:00:00+00:00,100661.5390625,101430.6640625,96216.078125,97688.9765625,63091816853,-2.947596219670423,101801.2265625,102779.4,-978.1734374999942,0,1.0
2025-02-03 00:00:00+00:00,97681.1015625,102514.171875,91242.890625,101405.421875,115400897748,3.804365081173988,101703.76004464286,102800.45416666666,-1096.6941220238077,1,0.0
2025-02-04 00:00:00+00:00,101398.71875,101745.6171875,96208.109375,97871.8203125,73002130211,-3.4846278405663456,101209.38058035714,102524.13125,-1314.7506696428609,0,0.0
2025-02-05 00:00:00+00:00,97878.0078125,99113.2109375,96174.828125,96615.4453125,49125911241,-1.2836943218062724,100196.84263392857,101888.74322916666,-1691.9005952380976,0,0.0
2025-02-06 00:00:00+00:00,96610.640625,99168.609375,95707.3515625,96593.296875,45302471947,-0.022924323774897726,99033.69866071429,101418.09166666666,-2384.39300595237,0,0.0
2025-02-07 00:00:00+00:00,96581.3203125,100154.140625,95653.8828125,96529.0859375,55741290456,-0.06647556256734743,98194.27901785714,100922.6859375,-2728.406919642861,0,0.0
2025-02-08 00:00:00+00:00,96533.2578125,96877.8046875,95702.4921875,96482.453125,22447526395,-0.04830959709924976,97598.07142857143,100366.88385416666,-2768.812425595228,0,1.0
2025-02-09 00:00:00+00:00,96481.3125,97325.28125,94745.2578125,96500.09375,27732901800,0.018283765004545316,97428.23102678571,99819.246875,-2391.015848214287,1,1.0
2025-02-10 00:00:00+00:00,96499.4609375,98333.21875,95320.84375,97437.5546875,40078962391,0.9714611676219231,96861.39285714286,99469.58385416666,-2608.190997023805,1,0.0
2025-02-11 00:00:00+00:00,97438.1328125,98492.8984375,94875.0390625,95747.4296875,37488783272,-1.7345724709743937,96557.90848214286,99046.9,-2488.991517857139,0,1.0
2025-02-12 00:00:00+00:00,95745.6953125,98151.0234375,94101.203125,97885.859375,49340445530,2.233406885677658,96739.39620535714,98817.12552083333,-2077.7293154761865,1,0.0
2025-02-13 00:00:00+00:00,97888.75,98111.0859375,95269.7109375,96623.8671875,37147280860,-1.2892487184132717,96743.76339285714,98345.16927083333,-1601.4058779761835,0,1.0
2025-02-14 00:00:00+00:00,96623.3671875,98819.46875,96342.8046875,97508.96875,32697987277,0.9160278803397981,96883.74665178571,97863.41354166667,-979.6668898809585,1,1.0
2025-02-15 00:00:00+00:00,97508.3828125,97975.0390625,97240.1953125,97580.3515625,17047266288,0.07320640697474623,97040.58928571429,97541.76875,-501.17946428571304,1,0.0
2025-02-16 00:00:00+00:00,97580.4921875,97725.59375,96060.9765625,96175.03125,16536755396,-1.4401672980240199,96994.15178571429,97243.04375,-248.89196428570722,0,0.0
2025-02-17 00:00:00+00:00,96179.0078125,97032.234375,95243.546875,95773.3828125,27336550690,-0.41762236235300954,96756.41294642857,97115.3375,-358.924553571429,0,0.0
2025-02-18 00:00:00+00:00,95773.8125,96695.375,93388.8359375,95539.546875,37325720482,-0.24415545387781457,96726.71540178571,96724.27916666666,2.4362351190502523,0,1.0
2025-02-19 00:00:00+00:00,95532.53125,96855.59375,95011.96875,96635.609375,28990872862,1.1472343504350446,96548.10825892857,96641.86510416666,-93.75684523809468,1,1.0
2025-02-20 00:00:00+00:00,96632.6796875,98767.1953125,96442.671875,98333.9375,31668022771,1.7574558032842136,96792.40401785714,96756.43125,35.97276785715076,1,0.0
2025-02-21 00:00:00+00:00,98340.671875,99497.96875,94852.9609375,96125.546875,49608706470,-2.245807176184722,96594.77232142857,96725.24791666666,-130.47559523809468,0,1.0
2025-02-22 00:00:00+00:00,96134.203125,96950.15625,95765.34375,96577.7578125,18353824477,0.47043783073406065,96451.54464285714,96728.49270833333,-276.94806547618646,1,0.0
2025-02-23 00:00:00+00:00,96577.8046875,96671.875,95270.453125,96273.921875,16999478976,-0.31460239332733453,96465.671875,96714.590625,-248.9187499999971,0,0.0
2025-02-24 00:00:00+00:00,96277.9609375,96503.453125,91371.7421875,91418.171875,44046480529,-5.043681513571874,95843.49888392857,96375.79583333334,-532.296949404772,0,0.0
2025-02-25 00:00:00+00:00,91437.1171875,92511.078125,86008.234375,88736.171875,92139104128,-2.9337712021491935,94871.58816964286,95795.70364583333,-924.1154761904763,0,0.0
2025-02-26 00:00:00+00:00,88638.890625,89286.25,82131.8984375,84347.0234375,64597492134,-4.94629004695274,93116.07589285714,95035.6765625,-1919.6006696428522,0,1.0
2025-02-27 00:00:00+00:00,84076.859375,87000.78125,83144.9609375,84704.2265625,52659591954,0.4234922709094535,91168.97433035714,94156.90104166667,-2987.9267113095266,1,0.0
2025-02-28 00:00:00+00:00,84705.625,85036.3203125,78248.9140625,84373.0078125,83610570576,-0.3910297790814532,89490.04017857143,93340.17708333333,-3850.1369047618937,0,1.0
2025-03-01 00:00:00+00:00,84373.8671875,86522.3046875,83794.234375,86031.9140625,29190628396,1.9661575342751147,87983.49107142857,92575.04010416666,-4591.549032738098,1,1.0
2025-03-02 00:00:00+00:00,86036.2578125,95043.4375,85040.2109375,94248.3515625,58398341092,9.550452979612857,87694.12388392857,92352.90677083333,-4658.782886904766,1,0.0
2025-03-03 00:00:00+00:00,94248.421875,94429.75,85081.3046875,86065.671875,70072228536,-8.682040111941614,86929.48102678571,91678.94947916667,-4749.468452380956,0,1.0
2025-03-04 00:00:00+00:00,86064.0703125,88911.2734375,81529.2421875,87222.1953125,68095241474,1.3437685575495406,86713.19866071429,91108.8703125,-4395.671651785713,1,1.0
2025-03-05 00:00:00+00:00,87222.953125,90998.2421875,86379.7734375,90623.5625,50498988027,3.899657851208138,87609.84709821429,90781.13802083333,-3171.2909226190386,1,0.0
2025-03-06 00:00:00+00:00,90622.359375,92804.9375,87852.140625,89961.7265625,47749810486,-0.7303133084179958,88360.91852678571,90336.2125,-1975.293973214284,0,0.0
2025-03-07 00:00:00+00:00,89963.28125,91191.046875,84717.6796875,86742.671875,65945677657,-3.57824911826653,88699.44196428571,89563.46145833333,-864.0194940476213,0,0.0
2025-03-08 00:00:00+00:00,86742.65625,86847.265625,85247.484375,86154.59375,18206118081,-0.6779571257010009,88716.96763392857,88898.73125,-181.7636160714319,0,0.0
2025-03-09 00:00:00+00:00,86154.3046875,86471.1328125,80052.484375,80601.0390625,30899345977,-6.44603432710168,86767.3515625,87833.61666666667,-1066.2651041666686,0,0.0
2025-03-10 00:00:00+00:00,80597.1484375,83955.9296875,77420.59375,78532.0,54061099422,-2.567012890361897,85691.11272321429,86650.821875,-959.7091517857043,0,1.0
2025-03-11 00:00:00+00:00,78523.875,83577.7578125,76624.25,82862.2109375,54702837196,5.513944554449135,85068.2578125,86080.42447916667,-1012.1666666666715,1,1.0
2025-03-12 00:00:00+00:00,82857.375,84358.578125,80635.25,83722.359375,40353484454,1.0380466895202334,84082.37165178571,85746.1703125,-1663.7986607142957,1,0.0
2025-03-13 00:00:00+00:00,83724.921875,84301.6953125,79931.8515625,81066.703125,31412940153,-3.17197970748182,82811.65401785714,85527.48229166666,-2715.828273809515,0,1.0
2025-03-14 00:00:00+00:00,81066.9921875,85263.2890625,80797.5625,83969.1015625,29588112414,3.580259620308812,82415.4296875,85478.47395833333,-3063.0442708333285,1,1.0
2025-03-15 00:00:00+00:00,83968.40625,84672.671875,83639.59375,84343.109375,13650491277,0.44541123525254633,82156.64620535714,85476.48072916667,-3319.8345238095208,1,0.0
2025-03-16 00:00:00+00:00,84333.3203125,85051.6015625,82017.90625,82579.6875,21330270174,-2.0907717157540473,82439.31026785714,85246.33229166667,-2807.0220238095208,0,1.0
2025-03-17 00:00:00+00:00,82576.3359375,84725.328125,82492.15625,84075.6875,25092785558,1.8115835083536647,83231.265625,84568.1546875,-1336.8890625000058,1,0.0
2025-03-18 00:00:00+00:00,84075.71875,84075.71875,81179.9921875,82718.5,24095774594,-1.6142449028442418,83210.73549107143,84345.00989583334,-1134.2744047619053,0,1.0
2025-03-19 00:00:00+00:00,82718.8046875,87021.1875,82569.7265625,86854.2265625,34931960257,4.9997601050550955,83658.14508928571,84320.47864583334,-662.33355654763,1,0.0
2025-03-20 00:00:00+00:00,86872.953125,87443.265625,83647.1953125,84167.1953125,29028988961,-3.093725379117185,84101.07254464286,83890.05416666667,211.01837797618646,0,0.0
2025-03-21 00:00:00+00:00,84164.5390625,84782.2734375,83171.0703125,84043.2421875,19030452299,-0.14727011460912154,84111.6640625,83495.48854166667,616.1755208333343,0,0.0
2025-03-22 00:00:00+00:00,84046.2578125,84513.875,83674.78125,83832.484375,9863214091,-0.25077306278807887,84038.71763392857,83301.47604166667,737.2415922618966,0,1.0
2025-03-23 00:00:00+00:00,83831.8984375,86094.78125,83794.9140625,86054.375,12594615537,2.6503933905394295,84535.1015625,83294.79479166666,1240.3067708333401,1,1.0
2025-03-24 00:00:00+00:00,86070.9296875,88758.7265625,85541.1953125,87498.9140625,34582604933,1.6786352378946434,85024.13392857143,83754.653125,1269.4808035714377,1,0.0
2025-03-25 00:00:00+00:00,87512.8203125,88542.3984375,86346.078125,87471.703125,30005840049,-0.031098600241552532,85703.16294642857,84350.63333333333,1352.5296130952338,0,0.0
2025-03-26 00:00:00+00:00,87460.234375,88292.15625,85861.453125,86900.8828125,26704046038,-0.652577110204744,85709.828125,84619.878125,1089.949999999997,0,1.0
2025-03-27 00:00:00+00:00,86896.2578125,87786.7265625,85837.9375,87177.1015625,24413471941,0.3178549412391707,86139.81473214286,84850.19427083334,1289.6204613095179,1,0.0
2025-03-28 00:00:00+00:00,87185.234375,87489.859375,83557.640625,84353.1484375,34198619509,-3.2393289916566204,86184.08705357143,85069.290625,1114.7964285714406,0,0.0
2025-03-29 00:00:00+00:00,84352.0703125,84567.3359375,81634.140625,82597.5859375,16969396135,-2.0812056603918605,86007.67299107143,84977.85625,1029.8167410714377,0,0.0
2025-03-30 00:00:00+00:00,82596.984375,83505.0,81573.25,82334.5234375,14763760943,-0.3184869109843613,85476.265625,84843.95052083333,632.3151041666715,0,1.0
2025-03-31 00:00:00+00:00,82336.0625,83870.125,81293.890625,82548.9140625,29004228247,0.26038970780313253,84769.12276785714,84841.89895833333,-72.77619047618646,1,1.0
2025-04-01 00:00:00+00:00,82551.921875,85487.3671875,82429.359375,85169.171875,28175650319,3.17418810684309,84440.18973214286,84914.79791666666,-474.6081845238077,1,0.0
2025-04-02 00:00:00+00:00,85180.609375,88466.953125,82343.5390625,82485.7109375,47584398470,-3.1507420800550134,83809.45089285714,84899.27864583333,-1089.8277529761835,0,1.0
2025-04-03 00:00:00+00:00,82487.4765625,83909.296875,81282.1015625,83102.828125,36852112080,0.7481504135517403,83227.41183035714,84649.18541666666,-1421.773586309515,1,1.0
2025-04-04 00:00:00+00:00,83100.25,84696.1484375,81670.75,83843.8046875,45157640207,0.8916382019940938,83154.6484375,84627.62604166666,-1472.9776041666628,1,0.0
2025-04-05 00:00:00+00:00,83844.703125,84207.015625,82377.734375,83504.796875,14380803631,-0.4043325726492686,83284.25,84591.7296875,-1307.479687500003,0,0.0
2025-04-06 00:00:00+00:00,83504.5078125,83704.71875,77097.7421875,78214.484375,36294853736,-6.3353396427263675,82695.67299107143,84217.19635416666,-1521.523363095228,0,1.0
2025-04-07 00:00:00+00:00,78221.3359375,81119.0625,74436.6796875,79235.3359375,91262424987,1.305195029613082,82222.3046875,83762.59375,-1540.2890625,1,0.0
2025-04-08 00:00:00+00:00,79218.4765625,80823.890625,76198.0234375,76271.953125,48314590749,-3.739976334343409,80951.2734375,83014.1296875,-2062.856249999997,0,1.0
2025-04-09 00:00:00+00:00,76273.5625,83541.0,74589.671875,82573.953125,84213627038,8.26253916648998,80963.87946428571,82687.61302083333,-1723.7335565476242,1,0.0
2025-04-10 00:00:00+00:00,82565.9765625,82700.9296875,78456.1328125,79626.140625,44718000633,-3.56990599146636,80467.20982142857,82202.63020833333,-1735.4203869047633,0,1.0
2025-04-11 00:00:00+00:00,79625.046875,84247.4765625,78936.3203125,83404.8359375,41656778779,4.745546227457886,80404.5,81951.14583333333,-1546.6458333333285,1,1.0
2025-04-12 00:00:00+00:00,83404.515625,85856.1875,82769.375,85287.109375,24258059104,2.256791727173346,80659.11607142857,82013.40989583333,-1354.293824404769,1,0.0
2025-04-13 00:00:00+00:00,85279.46875,86015.1875,83027.0078125,83684.9765625,28796984817,-1.878516957885823,81440.61495535714,82085.90260416667,-645.2876488095208,0,1.0
2025-04-14 00:00:00+00:00,83694.5234375,85785.0,83690.640625,84542.390625,34090769777,1.0245734631468162,82198.765625,82233.09375,-34.328125,1,0.0
2025-04-15 00:00:00+00:00,84539.6953125,86429.3515625,83598.8203125,83668.9921875,28040322885,-1.033089354397465,83255.48549107143,82307.765625,947.7198660714348,0,1.0
2025-04-16 00:00:00+00:00,83674.5078125,85428.28125,83100.6171875,84033.8671875,29617804112,0.4360934564412222,83464.04464285714,82232.07864583333,1231.9659970238135,1,1.0
2025-04-17 00:00:00+00:00,84030.671875,85449.0703125,83749.75,84895.75,21276866029,1.025637449930672,84216.84598214286,82392.74791666666,1824.0980654761952,1,0.0
2025-04-18 00:00:00+00:00,84900.1875,85095.046875,84298.8828125,84450.8046875,12728372364,-0.5241078764249063,84366.27008928571,82482.61302083333,1883.6570684523758,0,1.0
2025-04-19 00:00:00+00:00,84450.8671875,85597.703125,84353.4609375,85063.4140625,15259300427,0.7254038339443714,84334.31361607143,82563.9203125,1770.393303571429,1,1.0
2025-04-20 00:00:00+00:00,85066.0703125,85306.3828125,83976.84375,85174.3046875,14664050812,0.13036230231544543,84547.07477678571,82675.22083333334,1871.85394345237,1,1.0
2025-04-21 00:00:00+00:00,85171.5390625,88460.09375,85143.8359375,87518.90625,41396190190,2.7527099529631727,84972.29129464286,83295.515625,1676.775669642855,1,1.0
2025-04-22 00:00:00+00:00,87521.875,93817.3828125,87084.53125,93441.890625,55899038456,6.767662701452015,86368.41964285714,84242.61927083334,2125.800372023805,1,1.0
2025-04-23 00:00:00+00:00,93427.5859375,94535.734375,91962.9609375,93699.109375,41719568821,0.27527134594511615,87749.16852678571,85404.4296875,2344.73883928571,1,1.0
2025-04-24 00:00:00+00:00,93692.3984375,94016.1953125,91696.7109375,93943.796875,31483175315,0.26114175645013393,89041.74665178571,86162.41927083333,2879.3273809523816,1,1.0
2025-04-25 00:00:00+00:00,93954.25,95768.390625,92898.59375,94720.5,40915232364,0.8267742531563593,90508.84598214286,87168.70989583334,3340.136086309518,1,0.0
2025-04-26 00:00:00+00:00,94714.6484375,95251.359375,93927.25,94646.9296875,17612825123,-0.07767095032226168,91877.91964285714,87918.1828125,3959.736830357142,0,0.0
2025-04-27 00:00:00+00:00,94660.90625,95301.203125,93665.3984375,93754.84375,18090367764,-0.942540809771053,93103.7109375,88482.6984375,4621.012499999997,0,1.0
2025-04-28 00:00:00+00:00,93755.3046875,95598.4921875,92860.8046875,94978.75,32363449569,1.3054325526514532,94169.40290178571,89235.61666666667,4933.7862351190415,1,0.0
2025-04-29 00:00:00+00:00,94981.859375,95485.4140625,93796.6328125,94284.7890625,25806129921,-0.7306486319308303,94289.81696428571,89885.10989583333,4404.707068452379,0,0.0
2025-04-30 00:00:00+00:00,94286.46875,95249.3203125,92979.640625,94207.3125,28344679831,-0.08217291810309613,94362.41741071429,90587.66458333333,3774.7528273809585,0,1.0
2025-05-01 00:00:00+00:00,94212.859375,97437.9609375,94153.6328125,96492.3359375,32875889623,2.425526614507767,94726.49441964286,91418.22916666667,3308.2652529761835,1,1.0
2025-05-02 00:00:00+00:00,96494.96875,97905.8984375,96375.9453125,96910.0703125,26421924677,0.43291974532626565,95039.29017857143,92219.18385416667,2820.106324404769,1,0.0
2025-05-03 00:00:00+00:00,96904.6328125,96943.8828125,95821.2890625,95891.796875,15775154889,-1.0507405827035687,95217.12834821429,92981.91666666667,2235.2116815476184,0,0.0
2025-05-04 00:00:00+00:00,95877.1875,96318.921875,94173.4296875,94315.9765625,18198688416,-1.6433317174712747,95297.29017857143,93598.75416666667,1698.536011904769,0,1.0
2025-05-05 00:00:00+00:00,94319.5625,95193.1875,93566.265625,94748.0546875,25816260327,0.45811763897039004,95264.33370535714,94237.00416666667,1027.3295386904792,1,1.0
2025-05-06 00:00:00+00:00,94748.3828125,96889.1796875,93399.859375,96802.4765625,26551275827,2.168299794413664,95624.00334821429,94855.90885416667,768.0944940476184,1,1.0
2025-05-07 00:00:00+00:00,96800.1953125,97625.8046875,95829.3359375,97032.3203125,76983822462,0.23743581586117557,96027.57589285714,95095.27083333333,932.3050595238165,1,1.0
2025-05-08 00:00:00+00:00,97034.25,103969.5390625,96913.875,103241.4609375,69895404397,6.3990437464578775,96991.73660714286,95731.42760416666,1260.3090029761952,1,0.0
2025-05-09 00:00:00+00:00,103239.125,104297.4921875,102343.09375,102970.8515625,58198593958,-0.2621130818400763,97857.5625,96333.23125,1524.331250000003,0,1.0
2025-05-10 00:00:00+00:00,102973.7109375,104961.765625,102830.484375,104696.328125,42276713994,1.6756941758927724,99115.35267857143,96998.28645833333,2117.0662202381063,1,0.0
2025-05-11 00:00:00+00:00,104701.0703125,104937.9921875,103364.7421875,104106.359375,46285517406,-0.5635047193781384,100513.97879464286,97628.91510416666,2885.0636904761923,0,0.0
2025-05-12 00:00:00+00:00,104106.9609375,105747.453125,100814.40625,102812.953125,63250475404,-1.242389281274392,101666.10714285714,98232.7890625,3433.318080357145,0,1.0
2025-05-13 00:00:00+00:00,102812.4921875,104997.421875,101515.09375,104169.8125,52608876410,1.3197358248725033,102718.58370535714,98845.5265625,3873.057142857142,1,0.0
