Date,Open,High,Low,Close,Volume,Day,Month,Year,% Change,Raised,Next Raised,MM_7,MM_15,Delta_7,Delta_15,Delta_MM,Lag_1,Lag_2,Lag_3,Lag_4,Lag_5,LagR_1,LagR_2,LagR_3,LagR_4,LagR_5
2024-06-05,312.1300048828125,315.8299865722656,311.5,315.5799865722656,144749,5,6,2024,1.3748791992061804,1,0,308.46571132114957,305.4966654459635,7.114275251116055,10.08332112630211,2.9690458751860547,311.29998779296875,308.0,308.20001220703125,305.45001220703125,304.6099853515625,1.0,0.0,1.0,1.0,0.0
2024-06-06,315.3999938964844,315.3999938964844,311.79998779296875,312.8999938964844,96964,6,6,2024,-0.8492277044848451,0,1,309.4342825753348,306.14333089192706,3.46571132114957,6.756663004557311,3.290951683407741,315.5799865722656,311.29998779296875,308.0,308.20001220703125,305.45001220703125,1.0,1.0,0.0,1.0,1.0
2024-06-07,313.6300048828125,317.3999938964844,313.30999755859375,317.0299987792969,152545,7,6,2024,1.3199121007905212,1,1,311.2085702078683,307.1019978841146,5.821428571428555,9.928000895182265,4.10657232375371,312.8999938964844,315.5799865722656,311.29998779296875,308.0,308.20001220703125,0.0,1.0,1.0,0.0,1.0
2024-06-10,317.0400085449219,320.3699951171875,317.0400085449219,320.0,109838,10,6,2024,0.9368202479698828,1,1,313.2871398925781,308.3593302408854,6.712860107421875,11.640669759114587,4.927809651692712,317.0299987792969,312.8999938964844,315.5799865722656,311.29998779296875,308.0,1.0,0.0,1.0,1.0,0.0
2024-06-11,318.7799987792969,320.5199890136719,316.9200134277344,320.5199890136719,165207,11,6,2024,0.16249656677245206,1,1,315.04713657924106,309.61399536132814,5.47285243443082,10.905993652343739,5.433141217912919,320.0,317.0299987792969,312.8999938964844,315.5799865722656,311.29998779296875,1.0,1.0,0.0,1.0,1.0
2024-06-12,321.989990234375,328.1499938964844,321.9800109863281,326.0,454013,12,6,2024,1.7097251884949927,1,0,317.61856515066967,311.1413289388021,8.381434849330333,14.858671061197924,6.4772362118675915,320.5199890136719,320.0,317.0299987792969,312.8999938964844,315.5799865722656,1.0,1.0,1.0,0.0,1.0
2024-06-13,326.5400085449219,327.2099914550781,323.010009765625,324.70001220703125,209503,13,6,2024,-0.39876926164685855,0,1,319.53285435267856,312.4806640625,5.167157854352695,12.219348144531239,7.052190290178544,326.0,320.5199890136719,320.0,317.0299987792969,312.8999938964844,1.0,1.0,1.0,1.0,0.0
2024-06-14,323.75,325.3800048828125,322.30999755859375,325.3800048828125,105553,14,6,2024,0.20942182020851074,1,1,320.93285696847096,314.0226643880208,4.447147914341542,11.357340494791686,6.910192580450143,324.70001220703125,326.0,320.5199890136719,320.0,317.0299987792969,0.0,1.0,1.0,1.0,1.0
2024-06-17,325.75,331.2300109863281,325.5899963378906,330.1000061035156,278068,17,6,2024,1.450611945993141,1,1,323.39000156947543,315.7259989420573,6.710004534040195,14.374007161458337,7.664002627418142,325.3800048828125,324.70001220703125,326.0,320.5199890136719,320.0,1.0,0.0,1.0,1.0,1.0
2024-06-18,330.3699951171875,332.0,328.8999938964844,331.92999267578125,166989,18,6,2024,0.554373383347273,1,1,325.51857212611606,317.44666544596356,6.411420549665195,14.48332722981769,8.071906680152495,330.1000061035156,325.3800048828125,324.70001220703125,326.0,320.5199890136719,1.0,1.0,0.0,1.0,1.0
2024-06-19,332.2900085449219,337.0,332.2900085449219,332.75,147579,19,6,2024,0.24704225056868534,1,0,327.34000069754467,319.322666422526,5.409999302455333,13.427333577473973,8.01733427501864,331.92999267578125,330.1000061035156,325.3800048828125,324.70001220703125,326.0,1.0,1.0,1.0,0.0,1.0
2024-06-20,331.4800109863281,333.44000244140625,330.42999267578125,332.67999267578125,156947,20,6,2024,-0.02103901554282306,0,0,329.07714407784596,321.13799845377605,3.602848597935292,11.5419942220052,7.9391456240699085,332.75,331.92999267578125,330.1000061035156,325.3800048828125,324.70001220703125,1.0,1.0,1.0,1.0,0.0
2024-06-21,331.989990234375,332.489990234375,329.6700134277344,330.8500061035156,378907,21,6,2024,-0.5500741290592304,0,0,329.77000209263394,322.647998046875,1.0800040108816802,8.202008056640636,7.122004045758956,332.67999267578125,332.75,331.92999267578125,330.1000061035156,325.3800048828125,0.0,1.0,1.0,1.0,1.0
2024-06-24,329.95001220703125,329.9800109863281,327.0,327.0,193386,24,6,2024,-1.163671159888402,0,1,330.09857177734375,323.91466471354164,-3.09857177734375,3.08533528645836,6.18390706380211,330.8500061035156,332.67999267578125,332.75,331.92999267578125,330.1000061035156,0.0,0.0,1.0,1.0,1.0
2024-06-25,329.0,332.0,328.57000732421875,332.0,90481,25,6,2024,1.5290519877675823,1,1,331.0442853655134,325.29466552734374,0.9557146344865828,6.705334472656261,5.749619838169679,327.0,330.8500061035156,332.67999267578125,332.75,331.92999267578125,0.0,0.0,0.0,1.0,1.0
2024-06-26,334.010009765625,336.4700012207031,333.70001220703125,336.1600036621094,289127,26,6,2024,1.2530131512377585,1,1,331.90999930245533,326.6666666666667,4.250004359654042,9.49333699544269,5.243332635788647,332.0,327.0,330.8500061035156,332.67999267578125,332.75,1.0,0.0,0.0,0.0,1.0
2024-06-27,335.8999938964844,337.67999267578125,334.79998779296875,336.25,86214,27,6,2024,0.026771875568254444,1,1,332.5271432059152,328.22333374023435,3.722856794084805,8.026666259765648,4.3038094656808425,336.1600036621094,332.0,327.0,330.8500061035156,332.67999267578125,1.0,1.0,0.0,0.0,0.0
2024-06-28,338.7699890136719,343.1000061035156,338.1099853515625,339.8299865722656,132324,28,6,2024,1.0646800214916263,1,1,333.53856985909596,329.7433329264323,6.291416713169667,10.086653645833337,3.79523693266367,336.25,336.1600036621094,332.0,327.0,330.8500061035156,1.0,1.0,1.0,0.0,0.0
2024-07-01,340.54998779296875,344.8999938964844,338.4100036621094,344.8999938964844,148415,1,7,2024,1.4919246460143087,1,1,335.28428431919644,331.40333251953126,9.61570957728793,13.496661376953114,3.8809517996651834,339.8299865722656,336.25,336.1600036621094,332.0,327.0,1.0,1.0,1.0,1.0,0.0
2024-07-02,343.4700012207031,348.5,343.0899963378906,347.010009765625,164101,2,7,2024,0.6117761398899635,1,0,337.59285627092635,333.16933390299477,9.417153494698653,13.840675862630235,4.423522367931582,344.8999938964844,339.8299865722656,336.25,336.1600036621094,332.0,1.0,1.0,1.0,1.0,1.0
2024-07-03,344.0,344.2099914550781,338.510009765625,342.0,289119,3,7,2024,-1.4437652011850655,0,0,339.73571341378346,334.2360005696615,2.264286586216542,7.763999430338515,5.499712844121973,347.010009765625,344.8999938964844,339.8299865722656,336.25,336.1600036621094,1.0,1.0,1.0,1.0,1.0
2024-07-04,337.989990234375,340.0,337.3900146484375,337.9200134277344,82264,4,7,2024,-1.1929785299022333,0,1,340.5814296177455,335.117333984375,-2.6614161900111526,2.8026794433593523,5.464095633370505,342.0,347.010009765625,344.8999938964844,339.8299865722656,336.25,0.0,1.0,1.0,1.0,1.0
2024-07-05,338.79998779296875,341.7200012207031,338.05999755859375,338.510009765625,186398,5,7,2024,0.17459644722013223,1,1,340.9171447753906,335.99266764322914,-2.407135009765625,2.51734212239586,4.924477132161485,337.9200134277344,342.0,347.010009765625,344.8999938964844,339.8299865722656,0.0,0.0,1.0,1.0,1.0
2024-07-08,339.2799987792969,341.25,338.1199951171875,339.6700134277344,126029,8,7,2024,0.342679279384539,1,0,341.4057181222098,336.6306681315104,-1.7357046944754302,3.039345296223985,4.775049990699415,338.510009765625,337.9200134277344,342.0,347.010009765625,344.8999938964844,1.0,0.0,0.0,1.0,1.0
2024-07-09,339.3900146484375,339.3900146484375,335.75,336.2200012207031,104338,9,7,2024,-1.0156952544076225,0,1,340.8900059291295,336.9166687011719,-4.670004708426347,-0.6966674804687614,3.973337227957586,339.6700134277344,338.510009765625,337.9200134277344,342.0,347.010009765625,1.0,1.0,0.0,0.0,1.0
2024-07-10,334.0400085449219,339.95001220703125,334.0400085449219,339.6499938964844,216215,10,7,2024,1.0201631858093085,1,0,340.1400059291295,337.3766682942708,-0.4900120326450974,2.2733256022135606,2.763337634858658,336.2200012207031,339.6700134277344,338.510009765625,337.9200134277344,342.0,0.0,1.0,1.0,0.0,0.0
2024-07-11,338.0,340.0,337.1099853515625,338.5,188912,11,7,2024,-0.3385820453848942,0,1,338.9242902483259,337.76466878255206,-0.4242902483259172,0.7353312174479356,1.1596214657738528,339.6499938964844,336.2200012207031,339.6700134277344,338.510009765625,337.9200134277344,1.0,0.0,1.0,1.0,0.0
2024-07-12,338.5299987792969,342.489990234375,338.3999938964844,339.8699951171875,124638,12,7,2024,0.4047252931129952,1,1,338.6200038364955,338.3660013834635,1.2499912806919724,1.5039937337239735,0.2540024530320011,338.5,339.6499938964844,336.2200012207031,339.6700134277344,338.510009765625,0.0,1.0,0.0,1.0,1.0
2024-07-15,342.45001220703125,344.0,339.510009765625,341.44000244140625,179118,15,7,2024,0.4619434921512955,1,1,339.1228594098772,339.32866821289065,2.317143031529042,2.1113342285156023,-0.20580880301343996,339.8699951171875,338.5,339.6499938964844,336.2200012207031,339.6700134277344,1.0,0.0,1.0,0.0,1.0
2024-07-16,341.3699951171875,343.489990234375,339.0,342.760009765625,105502,16,7,2024,0.3866000804768843,1,0,339.7300022670201,340.04600219726564,3.0300074986049026,2.7140075683593636,-0.31599993024553896,341.44000244140625,339.8699951171875,338.5,339.6499938964844,336.2200012207031,1.0,1.0,0.0,1.0,0.0
2024-07-17,340.92999267578125,342.04998779296875,340.29998779296875,341.29998779296875,280389,17,7,2024,-0.42596041867737355,0,1,339.96285574776783,340.3886678059896,1.3371320452009172,0.9113199869791515,-0.4258120582217657,342.760009765625,341.44000244140625,339.8699951171875,338.5,339.6499938964844,1.0,1.0,1.0,0.0,1.0
2024-07-18,344.0,346.3900146484375,342.010009765625,344.8999938964844,241950,18,7,2024,1.054792332925425,1,0,341.2028547014509,340.9653340657552,3.697139195033458,3.9346598307291742,0.23752063569571646,341.29998779296875,342.760009765625,341.44000244140625,339.8699951171875,338.5,0.0,1.0,1.0,1.0,0.0
2024-07-19,342.9800109863281,343.9800109863281,341.1000061035156,343.760009765625,92726,19,7,2024,-0.330525993340991,0,1,341.78999982561385,341.2273356119792,1.9700099400111526,2.5326741536458144,0.5626642136346618,344.8999938964844,341.29998779296875,342.760009765625,341.44000244140625,339.8699951171875,1.0,0.0,1.0,1.0,1.0
2024-07-22,343.760009765625,345.5,341.5,345.2699890136719,98288,22,7,2024,0.43925389956684935,1,1,342.75714111328125,341.252001953125,2.512847900390625,4.017987060546886,1.5051391601562614,343.760009765625,344.8999938964844,341.29998779296875,342.760009765625,341.44000244140625,0.0,1.0,0.0,1.0,1.0
2024-07-23,346.0,347.5799865722656,344.4599914550781,345.5,106803,23,7,2024,0.06661771762590529,1,0,343.5614275251116,341.1513346354167,1.9385724748884172,4.348665364583326,2.4100928896949085,345.2699890136719,343.760009765625,344.8999938964844,341.29998779296875,342.760009765625,1.0,0.0,1.0,0.0,1.0
2024-07-24,345.5299987792969,346.3900146484375,341.0199890136719,342.5,132651,24,7,2024,-0.868306801736618,0,0,343.71285574776783,341.18466796875,-1.2128557477678328,1.3153320312500227,2.5281877790178555,345.5,345.2699890136719,343.760009765625,344.8999938964844,341.29998779296875,1.0,1.0,0.0,1.0,0.0
2024-07-25,341.4700012207031,344.5,339.7699890136719,339.8999938964844,97678,25,7,2024,-0.7591258696395986,0,1,343.30428205217635,341.31666666666666,-3.4042881556919724,-1.4166727701822879,1.9876153855096845,342.5,345.5,345.2699890136719,343.760009765625,344.8999938964844,0.0,1.0,1.0,0.0,1.0
2024-07-26,341.010009765625,345.94000244140625,340.7900085449219,343.8999938964844,99789,26,7,2024,1.1768167319291534,1,0,343.6757114955357,341.6759989420573,0.2242824009486526,2.2239949544270985,1.999712553478446,339.8999938964844,342.5,345.5,345.2699890136719,343.760009765625,0.0,0.0,1.0,1.0,0.0
2024-07-29,344.07000732421875,345.1000061035156,342.25,342.25,78766,29,7,2024,-0.47978887053455876,0,0,343.2971409388951,341.847998046875,-1.0471409388950974,0.40200195312502274,1.4491428920201201,343.8999938964844,339.8999938964844,342.5,345.5,345.2699890136719,1.0,0.0,0.0,1.0,1.0
2024-07-30,344.989990234375,345.29998779296875,339.5,339.5,141932,30,7,2024,-0.8035062089116196,0,1,342.6885681152344,342.06666463216146,-3.188568115234375,-2.566664632161462,0.6219034830729129,342.25,343.8999938964844,339.8999938964844,342.5,345.5,0.0,1.0,0.0,0.0,1.0
2024-07-31,348.2300109863281,348.489990234375,345.1499938964844,347.70001220703125,271461,31,7,2024,2.4153202377117156,1,0,343.0357142857143,342.60333251953125,4.664297921316972,5.0966796875,0.4323817661830276,339.5,342.25,343.8999938964844,339.8999938964844,342.5,0.0,0.0,1.0,0.0,0.0
2024-08-01,349.80999755859375,350.989990234375,345.4100036621094,347.5,196180,1,8,2024,-0.05752436008318318,0,0,343.32142857142856,343.2033325195313,4.178571428571445,4.296667480468727,0.11809605189728245,347.70001220703125,339.5,342.25,343.8999938964844,339.8999938964844,1.0,0.0,0.0,1.0,0.0
2024-08-02,343.989990234375,343.989990234375,338.0400085449219,339.7300109863281,222617,2,8,2024,-2.2359680614883137,0,0,342.9257158551897,343.1940002441406,-3.195704868861583,-3.4639892578125,-0.2682843889509172,347.5,347.70001220703125,339.5,342.25,343.8999938964844,0.0,1.0,0.0,0.0,1.0
2024-08-05,332.0,335.6000061035156,329.0,332.0,437795,5,8,2024,-2.275339456730896,0,0,341.7971452985491,342.5646667480469,-9.797145298549083,-10.564666748046875,-0.7675214494977922,339.7300109863281,347.5,347.70001220703125,339.5,342.25,0.0,0.0,1.0,0.0,0.0
2024-08-06,328.7099914550781,334.0,327.8999938964844,329.7200012207031,209494,6,8,2024,-0.68674662027014,0,0,339.7714320591518,341.69533284505206,-10.051430838448653,-11.97533162434894,-1.9239007859002868,332.0,339.7300109863281,347.5,347.70001220703125,339.5,0.0,0.0,0.0,1.0,0.0
2024-08-07,331.0199890136719,332.94000244140625,325.80999755859375,325.80999755859375,231272,7,8,2024,-1.1858557708460449,0,1,337.422860281808,340.6626668294271,-11.612862723214278,-14.85266927083336,-3.2398065476190823,329.7200012207031,332.0,339.7300109863281,347.5,347.70001220703125,0.0,0.0,0.0,0.0,1.0
2024-08-08,328.3500061035156,331.55999755859375,328.2200012207031,330.7200012207031,153760,8,8,2024,1.5070144252483653,1,0,336.16857474190846,339.717333984375,-5.448573521205333,-8.997332763671864,-3.548759242466531,325.80999755859375,329.7200012207031,332.0,339.7300109863281,347.5,0.0,0.0,0.0,0.0,0.0
2024-08-09,326.8999938964844,328.3900146484375,325.0899963378906,327.8999938964844,429856,9,8,2024,-0.8526872622792614,0,0,333.34000069754467,338.659999593099,-5.440006801060292,-10.760005696614598,-5.319998895554306,330.7200012207031,325.80999755859375,329.7200012207031,332.0,339.7300109863281,1.0,0.0,0.0,0.0,0.0
2024-08-12,327.45001220703125,329.5799865722656,325.6199951171875,327.45001220703125,196534,12,8,2024,-0.13723138085668385,0,1,330.4757167271205,337.4720011393229,-3.0257045200892776,-10.021988932291663,-6.996284412202385,327.8999938964844,330.7200012207031,325.80999755859375,329.7200012207031,332.0,0.0,1.0,0.0,0.0,0.0
2024-08-13,328.7799987792969,331.1600036621094,328.5,329.8999938964844,109562,13,8,2024,0.7482002131989907,1,1,329.07142857142856,336.4320007324219,0.8285653250558198,-6.532006835937523,-7.3605721609933425,327.45001220703125,327.8999938964844,330.7200012207031,325.80999755859375,329.7200012207031,0.0,0.0,1.0,0.0,0.0
2024-08-14,331.0,332.8399963378906,328.17999267578125,332.489990234375,82503,14,8,2024,0.7850852942735465,1,1,329.1414271763393,335.76466674804686,3.3485630580357224,-3.2746765136718636,-6.623239571707586,329.8999938964844,327.45001220703125,327.8999938964844,330.7200012207031,325.80999755859375,1.0,0.0,0.0,1.0,0.0
2024-08-15,334.010009765625,339.20001220703125,334.010009765625,338.8399963378906,140672,15,8,2024,1.9098337664359422,1,0,330.4442836216518,335.6940002441406,8.395712716238847,3.14599609375,-5.249716622488847,332.489990234375,329.8999938964844,327.45001220703125,327.8999938964844,330.7200012207031,1.0,1.0,0.0,0.0,1.0
2024-08-16,335.3599853515625,339.45001220703125,335.0899963378906,338.3500061035156,136039,16,8,2024,-0.14460814534019706,0,0,332.23571341378346,335.3240010579427,6.114292689732167,3.0260050455729015,-3.0882876441592657,338.8399963378906,332.489990234375,329.8999938964844,327.45001220703125,327.8999938964844,1.0,1.0,1.0,0.0,0.0
2024-08-19,338.2900085449219,338.2900085449219,334.8800048828125,338.0799865722656,182889,19,8,2024,-0.07980479573787003,0,1,333.2871398925781,335.04600016276044,4.7928466796875,3.0339864095051894,-1.7588602701823106,338.3500061035156,338.8399963378906,332.489990234375,329.8999938964844,327.45001220703125,0.0,1.0,1.0,1.0,0.0
2024-08-20,339.69000244140625,342.8900146484375,339.4700012207031,342.1700134277344,113359,20,8,2024,1.209780826406437,1,1,335.3257141113281,335.2240010579427,6.84429931640625,6.946012369791674,0.10171305338542425,338.0799865722656,338.3500061035156,338.8399963378906,332.489990234375,329.8999938964844,0.0,0.0,1.0,1.0,1.0
2024-08-21,342.0,344.5,340.7799987792969,343.25,157172,21,8,2024,0.3156286436227118,1,1,337.5828552246094,334.927333577474,5.667144775390625,8.322666422526027,2.6555216471354015,342.1700134277344,338.0799865722656,338.3500061035156,338.8399963378906,332.489990234375,1.0,0.0,0.0,1.0,1.0
2024-08-22,348.0,349.04998779296875,344.75,347.30999755859375,133018,22,8,2024,1.1828106507192349,1,0,340.0699986049107,334.9146667480469,7.239998953683028,12.395330810546852,5.155331856863825,343.25,342.1700134277344,338.0799865722656,338.3500061035156,338.8399963378906,1.0,1.0,0.0,0.0,1.0
2024-08-23,347.6000061035156,348.239990234375,341.79998779296875,344.4800109863281,178804,23,8,2024,-0.8148301494799837,0,0,341.7828587123326,335.23133341471356,2.6971522739955276,9.248677571614564,6.551525297619037,347.30999755859375,343.25,342.1700134277344,338.0799865722656,338.3500061035156,1.0,1.0,1.0,0.0,0.0
2024-08-26,345.0,346.4599914550781,342.2200012207031,343.8999938964844,152487,26,8,2024,-0.16837467235994996,0,1,342.5057155064174,336.02466634114586,1.3942783900669724,7.875327555338515,6.481049165271543,344.4800109863281,347.30999755859375,343.25,342.1700134277344,338.0799865722656,0.0,1.0,1.0,1.0,0.0
2024-08-27,343.260009765625,345.8900146484375,342.5299987792969,345.5799865722656,109489,27,8,2024,0.4885119818545114,1,1,343.53856985909596,337.0819986979167,2.041416713169667,8.49798787434895,6.4565711611792835,343.8999938964844,344.4800109863281,347.30999755859375,343.25,342.1700134277344,0.0,0.0,1.0,1.0,1.0
2024-08-28,346.67999267578125,346.989990234375,343.32000732421875,346.54998779296875,174810,28,8,2024,0.28068790392763443,1,1,344.74857003348217,338.46466471354165,1.8014177594865828,8.085323079427098,6.283905319940516,345.5799865722656,343.8999938964844,344.4800109863281,347.30999755859375,343.25,1.0,0.0,0.0,1.0,1.0
2024-08-29,349.9599914550781,355.3399963378906,349.92999267578125,351.1000061035156,173570,29,8,2024,1.3129471853466246,1,1,346.0242832728795,339.8233317057292,5.075722830636153,11.27667439778645,6.200951567150298,346.54998779296875,345.5799865722656,343.8999938964844,344.4800109863281,347.30999755859375,1.0,1.0,0.0,0.0,1.0
2024-08-30,355.2099914550781,356.6000061035156,350.3999938964844,354.8500061035156,121828,30,8,2024,1.0680717558559039,1,0,347.6814270019531,341.6199991861979,7.1685791015625,13.230006917317723,6.0614278157552235,351.1000061035156,346.54998779296875,345.5799865722656,343.8999938964844,344.4800109863281,1.0,1.0,1.0,0.0,0.0
2024-09-02,354.8299865722656,356.54998779296875,353.5,354.5,63186,2,9,2024,-0.09863494363686609,0,0,348.7085702078683,343.42333170572914,5.79142979213168,11.07666829427086,5.28523850213918,354.8500061035156,351.1000061035156,346.54998779296875,345.5799865722656,343.8999938964844,1.0,1.0,1.0,1.0,0.0
2024-09-03,350.0,351.5,346.70001220703125,347.7799987792969,215087,3,9,2024,-1.8956279889148497,0,0,349.1799970354353,344.61533203125,-1.3999982561384172,3.1646667480468977,4.564665004185315,354.5,354.8500061035156,351.1000061035156,346.54998779296875,345.5799865722656,0.0,1.0,1.0,1.0,1.0
2024-09-04,346.8999938964844,348.5400085449219,345.8599853515625,347.0,104232,4,9,2024,-0.22427936685107674,0,0,349.6228550502232,345.582666015625,-2.6228550502232224,1.4173339843749773,4.0401890345982,347.7799987792969,354.5,354.8500061035156,351.1000061035156,346.54998779296875,0.0,0.0,1.0,1.0,1.0
2024-09-05,345.6000061035156,347.3299865722656,341.42999267578125,342.3900146484375,140447,5,9,2024,-1.3285260379142683,0,0,349.1671447753906,345.8193339029948,-6.777130126953125,-3.4293192545572992,3.3478108723958258,347.0,347.7799987792969,354.5,354.8500061035156,351.1000061035156,0.0,0.0,0.0,1.0,1.0
2024-09-06,341.29998779296875,341.9599914550781,336.8500061035156,337.95001220703125,159155,6,9,2024,-1.2967675023949465,0,1,347.9385768345424,345.79266764322915,-9.988564627511153,-7.8426554361979015,2.145909191313251,342.3900146484375,347.0,347.7799987792969,354.5,354.8500061035156,0.0,0.0,0.0,0.0,1.0
2024-09-09,341.30999755859375,342.79998779296875,339.510009765625,340.45001220703125,73466,9,9,2024,0.7397543748181468,1,1,346.41714913504467,345.95066935221354,-5.967136928013417,-5.500657145182288,0.46647978283112934,337.95001220703125,342.3900146484375,347.0,347.7799987792969,354.5,0.0,0.0,0.0,0.0,0.0
2024-09-10,343.3900146484375,346.9800109863281,342.0,346.45001220703125,125109,10,9,2024,1.762373266226036,1,1,345.21715000697543,346.2360026041667,1.2328622000558198,0.21400960286456439,-1.0188525971912554,340.45001220703125,337.95001220703125,342.3900146484375,347.0,347.7799987792969,1.0,0.0,0.0,0.0,0.0
2024-09-11,344.3399963378906,349.6700134277344,341.1700134277344,349.6700134277344,100042,11,9,2024,0.9294273653478458,1,1,344.5271519252232,346.66400349934895,5.142861502511153,3.0060099283854242,-2.1368515741257283,346.45001220703125,340.45001220703125,337.95001220703125,342.3900146484375,347.0,1.0,1.0,0.0,0.0,0.0
2024-09-12,350.0,352.25,348.6700134277344,350.80999755859375,169598,12,9,2024,0.32601712674311667,1,0,344.9600088936942,346.8973368326823,5.84998866489957,3.9126607259114508,-1.937327938988119,349.6700134277344,346.45001220703125,340.45001220703125,337.95001220703125,342.3900146484375,1.0,1.0,1.0,0.0,0.0
2024-09-13,350.5,350.80999755859375,347.8900146484375,349.75,105635,13,9,2024,-0.30215716939957504,0,0,345.35286603655135,347.24866943359376,4.397133963448653,2.5013305664062386,-1.895803397042414,350.80999755859375,349.6700134277344,346.45001220703125,340.45001220703125,337.95001220703125,1.0,1.0,1.0,1.0,0.0
2024-09-16,349.2300109863281,349.2300109863281,344.489990234375,346.75,105978,16,9,2024,-0.85775553967119,0,0,345.97572108677457,347.4386698404948,0.7742789132254302,-0.6886698404948106,-1.4629487537202408,349.75,350.80999755859375,349.6700134277344,346.45001220703125,340.45001220703125,0.0,1.0,1.0,1.0,1.0
2024-09-17,347.0,348.70001220703125,343.79998779296875,345.1499938964844,87002,17,9,2024,-0.4614293016627635,0,0,347.00428989955356,347.4100036621094,-1.8542960030691802,-2.260009765625,-0.4057137625558198,346.75,349.75,350.80999755859375,349.6700134277344,346.45001220703125,0.0,0.0,1.0,1.0,1.0
2024-09-18,345.6000061035156,345.79998779296875,341.94000244140625,342.1499938964844,342370,18,9,2024,-0.8691873252356874,0,1,347.2471444266183,347.1166707356771,-5.097150530133945,-4.966676839192701,0.13047369094124406,345.1499938964844,346.75,349.75,350.80999755859375,349.6700134277344,0.0,0.0,0.0,1.0,1.0
2024-09-19,345.57000732421875,347.5299987792969,344.3599853515625,346.0199890136719,172370,19,9,2024,1.1310814514754464,1,1,347.1857125418527,346.7780029296875,-1.1657235281808198,-0.7580139160156136,0.4077096121652062,342.1499938964844,345.1499938964844,346.75,349.75,350.80999755859375,0.0,0.0,0.0,0.0,1.0
2024-09-20,347.0,352.4800109863281,346.5,351.5299987792969,387460,20,9,2024,1.592396376097005,1,1,347.451424734933,346.5566691080729,4.078574044363847,4.973329671223951,0.8947556268601033,346.0199890136719,342.1499938964844,345.1499938964844,346.75,349.75,1.0,0.0,0.0,0.0,0.0
2024-09-23,354.0,354.3999938964844,351.9599914550781,353.1199951171875,175383,23,9,2024,0.45230743988051714,1,0,347.7814243861607,346.4646687825521,5.338570731026778,6.65532633463539,1.3167556036086125,351.5299987792969,346.0199890136719,342.1499938964844,345.1499938964844,346.75,1.0,1.0,0.0,0.0,0.0
2024-09-24,350.30999755859375,350.4599914550781,346.9100036621094,349.7699890136719,192109,24,9,2024,-0.9486877406655769,0,0,347.7842799595424,346.5973347981771,1.9857090541294724,3.172654215494788,1.1869451613653155,353.1199951171875,351.5299987792969,346.0199890136719,342.1499938964844,345.1499938964844,1.0,1.0,1.0,0.0,0.0
2024-09-25,349.92999267578125,351.0899963378906,348.30999755859375,349.29998779296875,350261,25,9,2024,-0.1343743704336986,0,0,348.14856392996654,346.75066731770835,1.1514238630022078,2.5493204752604015,1.3978966122581937,349.7699890136719,353.1199951171875,351.5299987792969,346.0199890136719,342.1499938964844,0.0,1.0,1.0,1.0,0.0
2024-09-26,350.8699951171875,351.239990234375,347.0199890136719,348.6199951171875,177375,26,9,2024,-0.1946729743902198,0,0,348.644278390067,347.16599934895834,-0.024283272879472406,1.4539957682291629,1.4782790411086353,349.29998779296875,349.7699890136719,353.1199951171875,351.5299987792969,346.0199890136719,0.0,0.0,1.0,1.0,1.0
2024-09-27,348.739990234375,350.0,347.2200012207031,347.5199890136719,80842,27,9,2024,-0.3155315584081331,0,1,349.4114205496652,347.8039978027344,-1.8914315359933198,-0.28400878906251137,1.6074227469308084,348.6199951171875,349.29998779296875,349.7699890136719,353.1199951171875,351.5299987792969,0.0,0.0,0.0,1.0,1.0
2024-09-30,348.0,349.80999755859375,347.1600036621094,349.79998779296875,206855,30,9,2024,0.6560770175459307,1,0,349.95142037527904,348.4273295084635,-0.15143258231029222,1.3726582845052349,1.524090866815527,347.5199890136719,348.6199951171875,349.29998779296875,349.7699890136719,353.1199951171875,0.0,0.0,0.0,0.0,1.0
2024-10-01,349.3599853515625,349.5799865722656,346.1099853515625,347.6000061035156,103926,1,10,2024,-0.6289256049817782,0,0,349.3899928501674,348.5039957682292,-1.7899867466517776,-0.9039896647135492,0.8859970819382283,349.79998779296875,347.5199890136719,348.6199951171875,349.29998779296875,349.7699890136719,1.0,0.0,0.0,0.0,0.0
2024-10-02,344.989990234375,347.07000732421875,343.5299987792969,346.3999938964844,128878,2,10,2024,-0.3452279015995985,0,1,348.42999267578125,348.28599446614584,-2.029998779296875,-1.8860005696614621,0.14399820963541288,347.6000061035156,349.79998779296875,347.5199890136719,348.6199951171875,349.29998779296875,0.0,1.0,0.0,0.0,0.0
2024-10-03,347.9100036621094,350.0,346.29998779296875,347.79998779296875,240921,3,10,2024,0.4041552890161837,1,1,348.14856392996654,348.0853271484375,-0.3485761369977922,-0.28533935546875,0.06323678152904222,346.3999938964844,347.6000061035156,349.79998779296875,347.5199890136719,348.6199951171875,0.0,0.0,1.0,0.0,0.0
2024-10-04,351.29998779296875,351.3599853515625,347.2699890136719,349.8299865722656,73487,4,10,2024,0.5836684446651752,1,0,348.22427804129467,348.0906595865885,1.6057085309709578,1.7393269856771099,0.13361845470615208,347.79998779296875,346.3999938964844,347.6000061035156,349.79998779296875,347.5199890136719,1.0,0.0,0.0,1.0,0.0
2024-10-07,347.79998779296875,351.20001220703125,347.20001220703125,348.57000732421875,72862,7,10,2024,-0.3601690239286026,0,1,348.2171369280134,348.2119934082031,0.3528703962053328,0.35801391601563637,0.005143519810303587,349.8299865722656,347.79998779296875,346.3999938964844,347.6000061035156,349.79998779296875,1.0,1.0,0.0,0.0,1.0
2024-10-08,350.5,354.9599914550781,350.010009765625,354.5899963378906,125971,8,10,2024,1.7270530703097586,1,1,349.22713797433033,348.84132690429686,5.362858363560292,5.748669433593761,0.38581107003346915,348.57000732421875,349.8299865722656,347.79998779296875,346.3999938964844,347.6000061035156,0.0,1.0,1.0,0.0,0.0
2024-10-09,355.010009765625,360.95001220703125,355.010009765625,360.95001220703125,184048,9,10,2024,1.7936252953622889,1,0,350.8199986049107,350.09466145833335,10.130013602120528,10.855350748697902,0.7253371465773739,354.5899963378906,348.57000732421875,349.8299865722656,347.79998779296875,346.3999938964844,1.0,0.0,1.0,1.0,0.0
2024-10-10,359.0,361.1499938964844,358.2699890136719,359.8500061035156,228020,10,10,2024,-0.3047530312548341,0,1,352.5699986049107,351.01666259765625,7.280007498604903,8.833343505859375,1.5533360072544724,360.95001220703125,354.5899963378906,348.57000732421875,349.8299865722656,347.79998779296875,1.0,1.0,0.0,1.0,1.0
2024-10-11,360.010009765625,365.6499938964844,360.010009765625,364.04998779296875,120068,11,10,2024,1.1671478722290018,1,1,355.09142630440846,351.85132853190106,8.958561488560292,12.19865926106769,3.240097772507397,359.8500061035156,360.95001220703125,354.5899963378906,348.57000732421875,349.8299865722656,0.0,1.0,1.0,0.0,1.0
2024-10-14,366.75,366.75,363.510009765625,364.8500061035156,98332,14,10,2024,0.2197550713837204,1,1,357.5271432059152,352.6333292643229,7.32286289760043,12.2166768391927,4.893813941592271,364.04998779296875,359.8500061035156,360.95001220703125,354.5899963378906,348.57000732421875,1.0,0.0,1.0,1.0,0.0
2024-10-15,367.6199951171875,369.1000061035156,366.1499938964844,367.1700134277344,104408,15,10,2024,0.6358797548054573,1,1,360.00428989955356,353.7933308919271,7.16572352818082,13.376682535807277,6.210959007626457,364.8500061035156,364.04998779296875,359.8500061035156,360.95001220703125,354.5899963378906,1.0,1.0,0.0,1.0,1.0
2024-10-16,369.0,369.489990234375,366.69000244140625,369.0,89248,16,10,2024,0.49840305725996625,1,0,362.922860281808,355.1066650390625,6.077139718191972,13.893334960937523,7.81619524274555,367.1700134277344,364.8500061035156,364.04998779296875,359.8500061035156,360.95001220703125,1.0,1.0,1.0,0.0,1.0
2024-10-17,372.0,372.489990234375,368.70001220703125,368.70001220703125,137503,17,10,2024,-0.08129750486958187,0,1,364.9385768345424,356.44533284505206,3.7614353724888474,12.254679361979186,8.493243989490338,369.0,367.1700134277344,364.8500061035156,364.04998779296875,359.8500061035156,1.0,1.0,1.0,1.0,0.0
2024-10-18,369.1400146484375,372.6000061035156,368.0,372.54998779296875,231417,18,10,2024,1.0442027280909594,1,0,366.59571620396207,358.11399943033854,5.95427158900668,14.435988362630212,8.481716773623532,368.70001220703125,369.0,367.1700134277344,364.8500061035156,364.04998779296875,0.0,1.0,1.0,1.0,1.0
2024-10-21,372.75,374.6600036621094,370.1400146484375,371.6400146484375,108878,21,10,2024,-0.24425531454773663,0,1,368.2800031389509,359.57000122070315,3.360011509486583,12.070013427734352,8.71000191824777,372.54998779296875,368.70001220703125,369.0,367.1700134277344,364.8500061035156,1.0,0.0,1.0,1.0,1.0
2024-10-22,370.989990234375,373.17999267578125,368.7699890136719,372.0,119030,22,10,2024,0.09686399132855517,1,0,369.4157191685268,361.19666748046876,2.5842808314732224,10.803332519531239,8.219051688058016,371.6400146484375,372.54998779296875,368.70001220703125,369.0,367.1700134277344,0.0,1.0,0.0,1.0,1.0
2024-10-23,372.4800109863281,372.70001220703125,366.5400085449219,368.010009765625,137066,23,10,2024,-1.0725780199932755,0,0,369.86714826311385,362.6373352050781,-1.8571384974888474,5.372674560546898,7.229813058035745,372.0,371.6400146484375,372.54998779296875,368.70001220703125,369.0,1.0,0.0,1.0,0.0,1.0
2024-10-24,370.75,371.1499938964844,366.79998779296875,366.79998779296875,118074,24,10,2024,-0.32880137511119845,0,1,369.8142874581473,363.9040018717448,-3.014299665178555,2.8959859212239394,5.910285586402495,368.010009765625,372.0,371.6400146484375,372.54998779296875,368.70001220703125,0.0,1.0,0.0,1.0,0.0
2024-10-25,370.0,371.989990234375,368.3699951171875,369.42999267578125,142657,25,10,2024,0.7170133506920751,1,1,369.87571498325894,365.2106689453125,-0.4457223074776948,4.219323730468773,4.6650460379464675,366.79998779296875,368.010009765625,372.0,371.6400146484375,372.54998779296875,0.0,0.0,1.0,0.0,1.0
2024-10-28,370.29998779296875,371.70001220703125,370.2200012207031,370.79998779296875,151658,28,10,2024,0.37084025237492657,1,1,370.1757114955357,366.6926676432292,0.6242762974330276,4.107320149739564,3.483043852306537,369.42999267578125,366.79998779296875,368.010009765625,372.0,371.6400146484375,1.0,0.0,0.0,1.0,0.0
2024-10-29,370.9200134277344,375.94000244140625,369.6199951171875,375.54998779296875,168211,29,10,2024,1.2810140659044844,1,0,370.60428292410717,368.090000406901,4.945704868861583,7.4599873860677235,2.5142825172061407,370.79998779296875,369.42999267578125,366.79998779296875,368.010009765625,372.0,1.0,1.0,0.0,0.0,1.0
2024-10-30,376.0,377.0,373.6000061035156,373.6000061035156,185135,30,10,2024,-0.519233591488788,0,0,370.88428170340404,368.93333333333334,2.715724400111583,4.666672770182288,1.950948370070705,375.54998779296875,370.79998779296875,369.42999267578125,366.79998779296875,368.010009765625,1.0,1.0,1.0,0.0,0.0
2024-10-31,372.5799865722656,372.75,368.3699951171875,368.5799865722656,193240,31,10,2024,-1.3436882894105384,0,1,370.3957083565848,369.51533203125,-1.8157217843191802,-0.9353454589843864,0.8803763253347938,373.6000061035156,375.54998779296875,370.79998779296875,369.42999267578125,366.79998779296875,0.0,1.0,1.0,1.0,0.0
2024-11-01,370.2300109863281,376.3500061035156,368.70001220703125,375.0199890136719,469285,1,11,2024,1.7472469141087243,1,0,371.39713396344865,370.2466654459635,3.6228550502232224,4.77332356770836,1.1504685174851375,368.5799865722656,373.6000061035156,375.54998779296875,370.79998779296875,369.42999267578125,0.0,0.0,1.0,1.0,1.0
2024-11-04,372.489990234375,372.6400146484375,366.8399963378906,369.07000732421875,238380,4,11,2024,-1.5865772128845657,0,1,371.72142246791293,370.5279988606771,-2.65141514369418,-1.4579915364583371,1.193423607235843,375.0199890136719,368.5799865722656,373.6000061035156,375.54998779296875,370.79998779296875,1.0,0.0,0.0,1.0,1.0
2024-11-05,369.8800048828125,373.1199951171875,368.95001220703125,370.54998779296875,148794,5,11,2024,0.40100263889768506,1,1,371.8814217703683,370.753330485026,-1.3314339773995698,-0.2033426920572765,1.1280912853422933,369.07000732421875,375.0199890136719,368.5799865722656,373.6000061035156,375.54998779296875,0.0,1.0,0.0,0.0,1.0
2024-11-06,382.5899963378906,383.3500061035156,374.0,375.25,273474,6,11,2024,1.268388169441037,1,1,372.5171377999442,371.1699971516927,2.73286220005582,4.080002848307288,1.347140648251468,370.54998779296875,369.07000732421875,375.0199890136719,368.5799865722656,373.6000061035156,1.0,0.0,1.0,0.0,0.0
2024-11-07,376.70001220703125,381.32000732421875,373.70001220703125,379.70001220703125,181578,7,11,2024,1.185879335651241,1,1,373.10999843052457,371.90333048502606,6.59001377650668,7.796681722005189,1.2066679454985092,375.25,370.54998779296875,369.07000732421875,375.0199890136719,368.5799865722656,1.0,1.0,0.0,1.0,0.0
2024-11-08,383.82000732421875,387.489990234375,383.2200012207031,384.20001220703125,297979,8,11,2024,1.1851461299259514,1,1,374.62428501674106,372.67999877929685,9.575727190290195,11.520013427734398,1.944286237444203,379.70001220703125,375.25,370.54998779296875,369.07000732421875,375.0199890136719,1.0,1.0,1.0,0.0,1.0
2024-11-11,390.6199951171875,391.239990234375,385.010009765625,385.95001220703125,171316,11,11,2024,0.4554919168136218,1,0,377.10571725027904,373.6339986165365,8.844294956752208,12.316013590494777,3.4717186337425687,384.20001220703125,379.70001220703125,375.25,370.54998779296875,369.07000732421875,1.0,1.0,1.0,1.0,0.0
2024-11-12,385.8900146484375,388.07000732421875,384.239990234375,384.4800109863281,140151,12,11,2024,-0.38087865635682006,0,1,378.45714896065846,374.46599934895835,6.022862025669667,10.014011637369777,3.9911496117001093,385.95001220703125,384.20001220703125,379.70001220703125,375.25,370.54998779296875,1.0,1.0,1.0,1.0,1.0
2024-11-13,383.6499938964844,390.19000244140625,382.70001220703125,387.9599914550781,129984,13,11,2024,0.9051134959715101,1,0,381.1557181222098,375.79599812825523,6.80427333286832,12.16399332682289,5.35971999395457,384.4800109863281,385.95001220703125,384.20001220703125,379.70001220703125,375.25,0.0,1.0,1.0,1.0,1.0
2024-11-14,389.0,389.1499938964844,383.92999267578125,384.9599914550781,161801,14,11,2024,-0.7732756124538054,0,0,383.2142900739397,377.0066650390625,1.7457013811384172,7.953326416015614,6.207625034877196,387.9599914550781,384.4800109863281,385.95001220703125,384.20001220703125,379.70001220703125,1.0,0.0,1.0,1.0,1.0
2024-11-18,379.69000244140625,380.75,376.3299865722656,378.54998779296875,252977,18,11,2024,-1.6651090514317457,0,1,383.6857169015067,377.6146647135417,-5.13572910853793,0.9353230794270644,6.071052187964995,384.9599914550781,387.9599914550781,384.4800109863281,385.95001220703125,384.20001220703125,0.0,1.0,0.0,1.0,1.0
2024-11-19,379.4599914550781,382.0,376.29998779296875,381.6499938964844,112422,19,11,2024,0.8189159169147864,1,1,383.9642857142857,378.33799845377604,-2.3142918178013474,3.311995442708337,5.6262872605096845,378.54998779296875,384.9599914550781,387.9599914550781,384.4800109863281,385.95001220703125,0.0,0.0,1.0,0.0,1.0
2024-11-21,384.7699890136719,387.30999755859375,381.8399963378906,386.29998779296875,142972,21,11,2024,1.2183922365646804,1,1,384.2642822265625,379.05466512044273,2.03570556640625,7.245322672526015,5.209617106119765,381.6499938964844,378.54998779296875,384.9599914550781,387.9599914550781,384.4800109863281,1.0,0.0,0.0,1.0,0.0
2024-11-22,385.989990234375,388.75,385.19000244140625,387.20001220703125,148043,22,11,2024,0.23298587690996353,1,1,384.44285365513394,379.9613321940104,2.757158551897305,7.238680013020826,4.481521461123521,386.29998779296875,381.6499938964844,378.54998779296875,384.9599914550781,387.9599914550781,1.0,1.0,0.0,0.0,1.0
2024-11-25,389.0,389.8900146484375,387.3599853515625,388.75,230286,25,11,2024,0.40030675209277167,1,1,385.05285208565846,381.3059997558594,3.697147914341542,7.444000244140625,3.746852329799083,387.20001220703125,386.29998779296875,381.6499938964844,378.54998779296875,384.9599914550781,1.0,1.0,1.0,0.0,0.0
2024-11-26,388.67999267578125,391.3999938964844,387.79998779296875,391.1499938964844,111573,26,11,2024,0.6173617740152793,1,1,385.5085667201451,382.38133341471354,5.641427176339278,8.768660481770837,3.1272333054315595,388.75,387.20001220703125,386.29998779296875,381.6499938964844,378.54998779296875,1.0,1.0,1.0,1.0,0.0
2024-11-27,391.1499938964844,398.19000244140625,390.6000061035156,397.5,196814,27,11,2024,1.6234197117733107,1,1,387.2999965122768,384.27666625976565,10.200003487723222,13.223333740234352,3.02333025251113,391.1499938964844,388.75,387.20001220703125,386.29998779296875,381.6499938964844,1.0,1.0,1.0,1.0,1.0
2024-11-28,400.1000061035156,404.55999755859375,400.0,402.510009765625,151815,28,11,2024,1.2603798152515777,1,1,390.7228567940848,386.40733439127604,11.787152971540195,16.102675374348962,4.315522402808767,397.5,391.1499938964844,388.75,387.20001220703125,386.29998779296875,1.0,1.0,1.0,1.0,1.0
2024-11-29,406.6499938964844,410.3599853515625,401.44000244140625,402.8500061035156,276769,29,11,2024,0.08446903918950532,1,1,393.75142996651783,388.24733479817706,9.098576136997792,14.60267130533856,5.504095168340768,402.510009765625,397.5,391.1499938964844,388.75,387.20001220703125,1.0,1.0,1.0,1.0,1.0
2024-12-02,405.7900085449219,411.0,405.7900085449219,410.0,258078,2,12,2024,1.774852622106482,1,0,397.13714599609375,390.267333984375,12.86285400390625,19.732666015625,6.86981201171875,402.8500061035156,402.510009765625,397.5,391.1499938964844,388.75,1.0,1.0,1.0,1.0,1.0
2024-12-03,410.7900085449219,411.739990234375,408.0400085449219,409.1000061035156,156887,3,12,2024,-0.21951070645960247,0,1,400.2657165527344,391.927333577474,8.83428955078125,17.17267252604165,8.338382975260402,410.0,402.8500061035156,402.510009765625,397.5,391.1499938964844,1.0,1.0,1.0,1.0,1.0
2024-12-04,411.0,412.20001220703125,409.2799987792969,411.20001220703125,222324,4,12,2024,0.5133234104582884,1,0,403.47286115373885,393.6106669108073,7.727151053292403,17.58934529622394,9.862194242931537,409.1000061035156,410.0,402.8500061035156,402.510009765625,397.5,0.0,1.0,1.0,1.0,1.0
2024-12-05,409.0199890136719,409.67999267578125,405.5400085449219,408.19000244140625,296330,5,12,2024,-0.7320062442287889,0,1,405.9071480887277,395.1913330078125,2.282854352678555,12.998669433593761,10.715815080915206,411.20001220703125,409.1000061035156,410.0,402.8500061035156,402.510009765625,1.0,0.0,1.0,1.0,1.0
2024-12-06,408.0,414.5299987792969,407.3399963378906,413.8699951171875,328823,6,12,2024,1.3915070535311713,1,0,408.2457188197545,396.9186665852865,5.624276297433028,16.951328531901027,11.327052234467999,408.19000244140625,411.20001220703125,409.1000061035156,410.0,402.8500061035156,0.0,1.0,0.0,1.0,1.0
2024-12-09,412.5400085449219,413.4700012207031,410.3900146484375,411.8500061035156,141516,9,12,2024,-0.48807331710526425,0,0,409.5800040108817,398.7113342285156,2.270002092633945,13.138671875,10.868669782366055,413.8699951171875,408.19000244140625,411.20001220703125,409.1000061035156,410.0,1.0,0.0,1.0,0.0,1.0
2024-12-10,410.0,411.510009765625,407.6499938964844,408.4800109863281,203558,10,12,2024,-0.8182578771992244,0,0,410.38429042271207,400.7066691080729,-1.9042794363839448,7.7733418782552235,9.677621314639168,411.8500061035156,413.8699951171875,408.19000244140625,411.20001220703125,409.1000061035156,0.0,1.0,0.0,1.0,0.0
2024-12-11,408.2699890136719,411.0,404.25,405.1000061035156,197586,11,12,2024,-0.8274590657817105,0,1,409.68429129464283,402.27000325520834,-4.584285191127208,2.830002848307288,7.414288039434496,408.4800109863281,411.8500061035156,413.8699951171875,408.19000244140625,411.20001220703125,0.0,0.0,1.0,0.0,1.0
2024-12-12,400.5,410.6099853515625,400.3699951171875,405.8999938964844,160194,12,12,2024,0.19747908687128835,1,1,409.2271466936384,403.57667032877606,-3.327152797154042,2.3233235677083144,5.650476364862357,405.1000061035156,408.4800109863281,411.8500061035156,413.8699951171875,408.19000244140625,0.0,0.0,0.0,1.0,0.0
2024-12-13,409.9599914550781,410.6199951171875,405.5,409.6499938964844,136265,13,12,2024,0.9238728889846559,1,1,409.0057155064174,405.0733357747396,0.6442783900669724,4.576658121744799,3.932379731677827,405.8999938964844,405.1000061035156,408.4800109863281,411.8500061035156,413.8699951171875,1.0,0.0,0.0,0.0,1.0
2024-12-16,409.7699890136719,416.6400146484375,408.92999267578125,416.6400146484375,286719,16,12,2024,1.7063397671426506,1,0,410.2128601074219,406.9326700846354,6.427154541015625,9.70734456380211,3.280190022786485,409.6499938964844,405.8999938964844,405.1000061035156,408.4800109863281,411.8500061035156,1.0,1.0,0.0,0.0,0.0
2024-12-17,416.1199951171875,418.7900085449219,410.010009765625,413.0,533607,17,12,2024,-0.873659399111959,0,0,410.0885750906808,408.38933715820315,2.91142490931918,4.610662841796852,1.699237932477672,416.6400146484375,409.6499938964844,405.8999938964844,405.1000061035156,408.4800109863281,1.0,1.0,1.0,0.0,0.0
2024-12-18,416.4200134277344,421.4800109863281,412.8900146484375,412.8900146484375,287348,18,12,2024,-0.026630835729424263,0,0,410.23714773995533,409.41533813476565,2.652866908482167,3.4746765136718523,0.821809605189685,413.0,416.6400146484375,409.6499938964844,405.8999938964844,405.1000061035156,0.0,1.0,1.0,1.0,0.0
2024-12-19,414.75,416.9200134277344,402.0,402.3500061035156,617043,19,12,2024,-2.552739996363529,0,1,409.36143275669644,409.40467122395836,-7.01142665318082,-7.054665120442735,-0.04323846726191505,412.8900146484375,413.0,416.6400146484375,409.6499938964844,405.8999938964844,0.0,0.0,1.0,1.0,1.0
2024-12-20,396.5899963378906,407.32000732421875,394.510009765625,403.45001220703125,329015,20,12,2024,0.2733953241776721,1,1,409.12571934291293,409.4446716308594,-5.67570713588168,-5.994659423828125,-0.3189522879464448,402.3500061035156,412.8900146484375,413.0,416.6400146484375,409.6499938964844,0.0,0.0,0.0,1.0,1.0
2024-12-23,407.7300109863281,414.2900085449219,406.6099853515625,413.5,337963,23,12,2024,2.4910118946313453,1,1,410.211434500558,409.6780049641927,3.2885654994419724,3.8219950358072765,0.5334295363653041,403.45001220703125,402.3500061035156,412.8900146484375,413.0,416.6400146484375,1.0,0.0,0.0,0.0,1.0
2024-12-26,414.5199890136719,417.489990234375,413.5,417.20001220703125,171647,26,12,2024,0.8948034357995738,1,0,411.2900085449219,410.21800537109374,5.910003662109375,6.982006835937511,1.0720031738281364,413.5,403.45001220703125,402.3500061035156,412.8900146484375,413.0,1.0,1.0,0.0,0.0,0.0
2024-12-27,416.2699890136719,417.8800048828125,410.75,412.8999938964844,275964,27,12,2024,-1.0306850874234996,0,0,410.75571986607144,410.331337483724,2.14427403041293,2.56865641276039,0.42438238234745995,417.20001220703125,413.5,403.45001220703125,402.3500061035156,412.8900146484375,1.0,1.0,1.0,0.0,0.0
2024-12-30,410.69000244140625,412.42999267578125,405.2699890136719,407.70001220703125,276116,30,12,2024,-1.2593804229400818,0,0,409.9985787527902,410.298671468099,-2.298566545758945,-2.5986592610677235,-0.3000927153087787,412.8999938964844,417.20001220703125,413.5,403.45001220703125,402.3500061035156,0.0,1.0,1.0,1.0,0.0
2025-01-02,412.1199951171875,412.42999267578125,401.5,403.1499938964844,309756,2,1,2025,-1.116021136697043,0,1,408.6071472167969,409.58400472005206,-5.4571533203125,-6.434010823567689,-0.9768575032551894,407.70001220703125,412.8999938964844,417.20001220703125,413.5,403.45001220703125,0.0,0.0,1.0,1.0,1.0
2025-01-03,405.8299865722656,410.8299865722656,404.0,410.6499938964844,95069,3,1,2025,1.8603497739170916,1,0,409.79285975864957,409.50400390625,0.8571341378348052,1.1459899902343977,0.28885585239959255,403.1499938964844,407.70001220703125,412.8999938964844,417.20001220703125,413.5,0.0,0.0,0.0,1.0,1.0
2025-01-06,409.489990234375,411.9800109863281,407.0,408.1199951171875,134918,6,1,2025,-0.616096144380962,0,0,410.46000017438615,409.48000284830727,-2.3400050571986526,-1.3600077311197651,0.9799973260788875,410.6499938964844,403.1499938964844,407.70001220703125,412.8999938964844,417.20001220703125,1.0,0.0,0.0,0.0,1.0
2025-01-07,407.5299987792969,407.80999755859375,401.239990234375,403.2200012207031,157575,7,1,2025,-1.2006257853348745,0,1,408.9914289202009,409.35466918945315,-5.771427699497792,-6.134667968750023,-0.3632402692522305,408.1199951171875,410.6499938964844,403.1499938964844,407.70001220703125,412.8999938964844,0.0,1.0,0.0,0.0,0.0
2025-01-08,403.70001220703125,406.67999267578125,402.30999755859375,403.7900085449219,176808,8,1,2025,0.14136385161775955,1,0,407.0757141113281,409.21400349934896,-3.28570556640625,-5.423994954427087,-2.138289388020837,403.2200012207031,408.1199951171875,410.6499938964844,403.1499938964844,407.70001220703125,0.0,0.0,1.0,0.0,0.0
2025-01-09,403.8500061035156,404.489990234375,400.1700134277344,400.1700134277344,51249,9,1,2025,-0.8965043811342333,0,0,405.2571454729353,408.5820048014323,-5.087132045200917,-8.411991373697902,-3.3248593284969843,403.7900085449219,403.2200012207031,408.1199951171875,410.6499938964844,403.1499938964844,1.0,0.0,0.0,1.0,0.0
2025-01-10,400.1499938964844,402.989990234375,396.510009765625,398.04998779296875,462917,10,1,2025,-0.529781233882598,0,0,403.8785705566406,407.34266967773436,-5.828582763671875,-9.292681884765614,-3.4640991210937386,400.1700134277344,403.7900085449219,403.2200012207031,408.1199951171875,410.6499938964844,0.0,1.0,0.0,0.0,1.0
2025-01-13,394.79998779296875,397.8999938964844,394.1700134277344,397.8999938964844,138570,13,1,2025,-0.03768217587847289,0,0,403.1285705566406,406.33600260416665,-5.22857666015625,-8.436008707682277,-3.2074320475260265,398.04998779296875,400.1700134277344,403.7900085449219,403.2200012207031,408.1199951171875,0.0,0.0,1.0,0.0,0.0
2025-01-14,397.489990234375,398.5799865722656,392.3800048828125,395.6099853515625,173452,14,1,2025,-0.5755236441440159,0,1,400.97999790736606,405.1840006510417,-5.370012555803555,-9.574015299479186,-4.20400274367563,397.8999938964844,398.04998779296875,400.1700134277344,403.7900085449219,403.2200012207031,0.0,0.0,0.0,1.0,0.0
2025-01-15,396.25,402.45001220703125,396.25,399.8699951171875,201926,15,1,2025,1.0768205867805136,1,1,399.80142647879467,405.01866658528644,0.06856863839283278,-5.148671468098939,-5.217240106491772,395.6099853515625,397.8999938964844,398.04998779296875,400.1700134277344,403.7900085449219,0.0,0.0,0.0,0.0,1.0
2025-01-16,400.30999755859375,403.5,399.0,402.1300048828125,246887,16,1,2025,0.5651861337989894,1,1,399.64571271623885,404.9306660970052,2.4842921665736526,-2.8006612141927008,-5.284953380766353,399.8699951171875,395.6099853515625,397.8999938964844,398.04998779296875,400.1700134277344,1.0,0.0,0.0,0.0,0.0
2025-01-17,403.3299865722656,407.9800109863281,403.3299865722656,407.0,153995,17,1,2025,1.2110499236700045,1,0,400.10428292410717,404.49733276367186,6.895717075892833,2.5026672363281364,-4.393049839564696,402.1300048828125,399.8699951171875,395.6099853515625,397.8999938964844,398.04998779296875,1.0,1.0,0.0,0.0,0.0
2025-01-20,408.2200012207031,410.4200134277344,406.3299865722656,406.3299865722656,100552,20,1,2025,-0.16462246381679924,0,1,400.9842790876116,403.7726643880208,5.345707484654042,2.5573221842448106,-2.7883853004092316,407.0,402.1300048828125,399.8699951171875,395.6099853515625,397.8999938964844,1.0,1.0,1.0,0.0,0.0
2025-01-21,407.3599853515625,408.2200012207031,405.5799865722656,407.7900085449219,190754,21,1,2025,0.35931927765724403,1,0,402.3757106236049,403.43199869791664,5.414297921316972,4.358009847005235,-1.0562880743117375,406.3299865722656,407.0,402.1300048828125,399.8699951171875,395.6099853515625,0.0,1.0,1.0,1.0,0.0
2025-01-22,408.6099853515625,409.4700012207031,403.19000244140625,404.17999267578125,224785,22,1,2025,-0.8852634428248796,0,1,403.2728533063616,403.19733072916665,0.9071393694196672,0.9826619466145985,0.07552257719493127,407.7900085449219,406.3299865722656,407.0,402.1300048828125,399.8699951171875,1.0,0.0,1.0,1.0,1.0
2025-01-23,405.9800109863281,405.9800109863281,400.4200134277344,405.1600036621094,136944,23,1,2025,0.24246895048916084,1,0,404.6371416364397,403.3313313802083,0.5228620256696672,1.8286722819010492,1.305810256231382,404.17999267578125,407.7900085449219,406.3299865722656,407.0,402.1300048828125,0.0,1.0,0.0,1.0,1.0
2025-01-24,403.8900146484375,404.0,400.9599914550781,403.4100036621094,127756,24,1,2025,-0.43192812325558716,0,0,405.14285714285717,402.8486653645833,-1.7328534807477922,0.5613382975260492,2.2941917782738415,405.1600036621094,404.17999267578125,407.7900085449219,406.3299865722656,407.0,1.0,0.0,1.0,0.0,1.0
2025-01-27,396.4700012207031,399.3699951171875,394.42999267578125,396.75,297814,27,1,2025,-1.6509267498700186,0,1,404.37428501674106,402.0906656901042,-7.624285016741055,-5.340665690104174,2.283619326636881,403.4100036621094,405.1600036621094,404.17999267578125,407.7900085449219,406.3299865722656,0.0,1.0,0.0,1.0,0.0
2025-01-28,397.44000244140625,399.3399963378906,394.29998779296875,397.95001220703125,91686,28,1,2025,0.30246054367517594,1,0,403.0814296177455,401.7393330891927,-5.131417410714278,-3.789320882161462,1.3420965285528155,396.75,403.4100036621094,405.1600036621094,404.17999267578125,407.7900085449219,0.0,0.0,1.0,0.0,1.0
2025-01-29,396.5799865722656,398.9700012207031,394.1000061035156,394.1000061035156,104295,29,1,2025,-0.967459727457598,0,1,401.33428955078125,401.0933329264323,-7.234283447265625,-6.993326822916686,0.24095662434893939,397.95001220703125,396.75,403.4100036621094,405.1600036621094,404.17999267578125,1.0,0.0,0.0,1.0,0.0
2025-01-30,399.0,401.17999267578125,396.239990234375,398.4100036621094,195290,30,1,2025,1.093630421680758,1,0,399.9942888532366,400.9759989420573,-1.5842851911272078,-2.565995279947913,-0.9817100888207051,394.1000061035156,397.95001220703125,396.75,403.4100036621094,405.1600036621094,0.0,1.0,0.0,0.0,1.0
2025-01-31,398.5,400.3999938964844,393.739990234375,394.1499938964844,173087,31,1,2025,-1.0692527111437422,0,0,398.5614318847656,400.71599934895835,-4.41143798828125,-6.5660054524739735,-2.1545674641927235,398.4100036621094,394.1000061035156,397.95001220703125,396.75,403.4100036621094,1.0,0.0,1.0,0.0,0.0
2025-02-03,390.44000244140625,393.0799865722656,387.760009765625,389.8800048828125,218493,3,2,2025,-1.0833411340336885,0,0,396.37857491629467,400.18133341471355,-6.498570033482167,-10.30132853190105,-3.802758498418882,394.1499938964844,398.4100036621094,394.1000061035156,397.95001220703125,396.75,0.0,1.0,0.0,1.0,0.0
2025-02-04,389.8800048828125,391.239990234375,387.70001220703125,388.0299987792969,176319,4,2,2025,-0.4745065354330502,0,1,394.18143136160717,399.6760009765625,-6.151432582310292,-11.646002197265602,-5.49456961495531,389.8800048828125,394.1499938964844,398.4100036621094,394.1000061035156,397.95001220703125,0.0,0.0,1.0,0.0,1.0
2025-02-05,389.19000244140625,393.5,388.79998779296875,392.8999938964844,106694,5,2,2025,1.2550563442280227,1,0,393.63143048967635,399.2113342285156,-0.7314365931919724,-6.31134033203125,-5.579903738839278,388.0299987792969,389.8800048828125,394.1499938964844,398.4100036621094,394.1000061035156,0.0,0.0,0.0,1.0,0.0
2025-02-06,393.3800048828125,395.4700012207031,390.0199890136719,392.25,156304,6,2,2025,-0.1654349469538574,0,0,392.81714303152904,398.55266723632815,-0.5671430315290422,-6.302667236328148,-5.7355242047991055,392.8999938964844,388.0299987792969,389.8800048828125,394.1499938964844,398.4100036621094,1.0,0.0,0.0,0.0,1.0
2025-02-07,392.20001220703125,392.9200134277344,388.5,391.3999938964844,277831,7,2,2025,-0.21670009012507707,0,1,392.4314270019531,397.5126668294271,-1.03143310546875,-6.112672932942701,-5.081239827473951,392.25,392.8999938964844,388.0299987792969,389.8800048828125,394.1499938964844,0.0,1.0,0.0,0.0,0.0
2025-02-10,391.510009765625,393.29998779296875,390.0299987792969,392.25,171529,10,2,2025,0.2171706992260214,1,0,391.55142647879467,396.5740010579427,0.6985735212053328,-4.3240010579427235,-5.022574579148056,391.3999938964844,392.25,392.8999938964844,388.0299987792969,389.8800048828125,0.0,0.0,1.0,0.0,0.0
2025-02-11,392.25,393.0199890136719,389.95001220703125,391.6499938964844,103196,11,2,2025,-0.15296522715503302,0,0,391.1942836216518,395.4980000813802,0.4557102748325974,-3.848006184895837,-4.3037164597284345,392.25,391.3999938964844,392.25,392.8999938964844,388.0299987792969,1.0,0.0,0.0,1.0,0.0
2025-02-12,391.6499938964844,393.0,386.82000732421875,389.5,118670,12,2,2025,-0.5489579803370614,0,1,391.13999720982144,394.5193339029948,-1.6399972098214448,-5.019333902994788,-3.379336693173343,391.6499938964844,392.25,391.3999938964844,392.25,392.8999938964844,0.0,1.0,0.0,0.0,1.0
2025-02-13,390.0400085449219,394.8800048828125,390.0299987792969,393.8999938964844,89505,13,2,2025,1.1296518347841733,1,0,391.9785679408482,393.76866658528644,1.9214259556361526,0.13132731119793561,-1.790098644438217,389.5,391.6499938964844,392.25,391.3999938964844,392.25,0.0,0.0,1.0,0.0,0.0
2025-02-14,392.489990234375,392.989990234375,388.6199951171875,388.6199951171875,135201,14,2,2025,-1.340441447349816,0,1,391.3671395438058,392.782666015625,-2.74714442661832,-4.162670898437511,-1.4155264718191916,393.8999938964844,389.5,391.6499938964844,392.25,391.3999938964844,1.0,0.0,0.0,1.0,0.0
2025-02-17,391.79998779296875,392.3900146484375,390.4100036621094,391.1499938964844,59198,17,2,2025,0.6510212575485008,1,0,391.20999581473217,392.4093322753906,-0.06000191824779222,-1.25933837890625,-1.1993364606584578,388.6199951171875,393.8999938964844,389.5,391.6499938964844,392.25,0.0,1.0,0.0,0.0,1.0
2025-02-18,391.7200012207031,392.92999267578125,388.1000061035156,389.3900146484375,132929,18,2,2025,-0.449949961781837,0,1,390.92285592215404,391.8386657714844,-1.5328412737165422,-2.4486511230468864,-0.9158098493303442,391.1499938964844,388.6199951171875,393.8999938964844,389.5,391.6499938964844,1.0,0.0,1.0,0.0,0.0
2025-02-19,391.0,394.0,389.1300048828125,392.70001220703125,86137,19,2,2025,0.8500468512481429,1,0,390.98714338030135,391.7453328450521,1.7128688267299026,0.9546793619791742,-0.7581894647507283,389.3900146484375,391.1499938964844,388.6199951171875,393.8999938964844,389.5,0.0,1.0,0.0,1.0,0.0
2025-02-20,391.5,392.2900085449219,388.1099853515625,390.4100036621094,89300,20,2,2025,-0.5831445056626583,0,0,390.8100019182478,391.2119995117188,-0.3999982561384172,-0.8019958496093977,-0.4019975934709805,392.70001220703125,389.3900146484375,391.1499938964844,388.6199951171875,393.8999938964844,1.0,0.0,1.0,0.0,1.0
2025-02-21,390.4200134277344,391.7300109863281,385.239990234375,385.3500061035156,123406,21,2,2025,-1.29607272127511,0,1,390.21714564732144,390.6253336588542,-4.86713954380582,-5.275327555338549,-0.40818801153272943,390.4100036621094,392.70001220703125,389.3900146484375,391.1499938964844,388.6199951171875,0.0,1.0,0.0,1.0,0.0
2025-02-24,386.4599914550781,388.1000061035156,383.80999755859375,387.25,143308,24,2,2025,0.49305666702752493,1,0,389.2671465192522,390.45,-2.017146519252208,-3.1999999999999886,-1.1828534807477808,385.3500061035156,390.4100036621094,392.70001220703125,389.3900146484375,391.1499938964844,0.0,0.0,1.0,0.0,1.0
2025-02-25,388.3999938964844,388.9599914550781,381.92999267578125,383.0,126793,25,2,2025,-1.0974822466107148,0,1,388.4642900739397,390.1146667480469,-5.464290073939708,-7.114666748046886,-1.6503766741071786,387.25,385.3500061035156,390.4100036621094,392.70001220703125,389.3900146484375,1.0,0.0,0.0,1.0,0.0
2025-02-26,384.69000244140625,389.4800109863281,383.70001220703125,386.8800048828125,145243,26,2,2025,1.0130561051729714,1,0,387.8542916434152,389.7133341471354,-0.9742867606026948,-2.833329264322913,-1.859042503720218,383.0,387.25,385.3500061035156,390.4100036621094,392.70001220703125,0.0,1.0,0.0,0.0,1.0
2025-02-27,389.239990234375,390.20001220703125,383.05999755859375,383.5,133394,27,2,2025,-0.8736571650520775,0,1,387.0128609793527,389.1300008138021,-3.512860979352695,-5.6300008138020985,-2.1171398344494037,386.8800048828125,383.0,387.25,385.3500061035156,390.4100036621094,1.0,0.0,1.0,0.0,0.0
2025-02-28,385.0,392.70001220703125,382.8999938964844,392.70001220703125,246661,28,2,2025,2.3989601582871556,1,0,387.0128609793527,389.2166687011719,5.687151227678555,3.4833435058593523,-2.203807721819203,383.5,386.8800048828125,383.0,387.25,385.3500061035156,0.0,1.0,0.0,1.0,0.0
2025-03-05,375.2300109863281,378.17999267578125,373.2099914550781,376.6499938964844,386982,5,3,2025,-4.0870939168917815,0,0,385.0471452985491,388.1766682942708,-8.397151402064708,-11.52667439778645,-3.129522995721743,392.70001220703125,383.5,386.8800048828125,383.0,387.25,1.0,0.0,1.0,0.0,1.0
2025-03-06,372.4599914550781,374.8500061035156,368.1600036621094,370.70001220703125,296922,6,3,2025,-1.5797110808100423,0,1,382.9542890276228,386.7800028483073,-12.254276820591542,-16.079990641276027,-3.8257138206844843,376.6499938964844,392.70001220703125,383.5,386.8800048828125,383.0,0.0,1.0,0.0,1.0,0.0
2025-03-07,370.70001220703125,374.9800109863281,367.1600036621094,373.8999938964844,259460,7,3,2025,0.8632267558885243,1,0,381.0471452985491,385.74000244140626,-7.147151402064708,-11.840008544921886,-4.692857142857179,370.70001220703125,376.6499938964844,392.70001220703125,383.5,386.8800048828125,0.0,0.0,1.0,0.0,1.0
2025-03-10,369.739990234375,370.57000732421875,365.4100036621094,367.95001220703125,414051,10,3,2025,-1.5913297102380763,0,0,378.8971470424107,384.0100036621094,-10.947134835379472,-16.059991455078148,-5.112856619698675,373.8999938964844,370.70001220703125,376.6499938964844,392.70001220703125,383.5,1.0,0.0,0.0,1.0,0.0
2025-03-11,367.8500061035156,367.8500061035156,361.489990234375,363.0,535769,11,3,2025,-1.3452947527682335,0,1,375.4857177734375,382.3020039876302,-12.4857177734375,-19.3020039876302,-6.816286214192701,367.95001220703125,373.8999938964844,370.70001220703125,376.6499938964844,392.70001220703125,0.0,1.0,0.0,0.0,1.0
2025-03-12,366.9800109863281,370.0,361.69000244140625,364.010009765625,284676,12,3,2025,0.27823960485537924,1,0,372.70143345424106,380.4926717122396,-8.691423688616055,-16.4826619466146,-7.791238257998543,363.0,367.95001220703125,373.8999938964844,370.70001220703125,376.6499938964844,0.0,0.0,1.0,0.0,0.0
2025-03-13,364.7300109863281,365.95001220703125,358.0,358.79998779296875,144301,13,3,2025,-1.4312853583369423,0,1,367.8585728236607,378.4533365885417,-9.058585030691972,-19.653348795572924,-10.594763764880952,364.010009765625,363.0,367.95001220703125,373.8999938964844,370.70001220703125,1.0,0.0,0.0,1.0,0.0
2025-03-14,359.1499938964844,362.2300109863281,357.6000061035156,362.0,388097,14,3,2025,0.8918651939524791,1,0,365.7657165527344,376.4066691080729,-3.765716552734375,-14.40666910807289,-10.640952555338515,358.79998779296875,364.010009765625,363.0,367.95001220703125,373.8999938964844,0.0,1.0,0.0,0.0,1.0
2025-03-17,360.5,365.04998779296875,359.2099914550781,361.1000061035156,453762,17,3,2025,-0.24861709847634472,0,0,364.394287109375,374.4526692708333,-3.294281005859375,-13.3526631673177,-10.058382161458326,362.0,358.79998779296875,364.010009765625,363.0,367.95001220703125,1.0,0.0,1.0,0.0,0.0
2025-03-18,360.0,360.75,355.05999755859375,356.95001220703125,363625,18,3,2025,-1.1492644215837289,0,1,361.97286115373885,372.55933634440106,-5.022848946707597,-15.60932413736981,-10.586475190662213,361.1000061035156,362.0,358.79998779296875,364.010009765625,363.0,0.0,1.0,0.0,1.0,0.0
2025-03-19,357.7099914550781,360.6400146484375,356.82000732421875,358.8999938964844,357263,19,3,2025,0.5462898508943326,1,1,360.6800013950893,370.6693359375,-1.7800074986049026,-11.769342041015648,-9.989334542410745,356.95001220703125,361.1000061035156,362.0,358.79998779296875,364.010009765625,0.0,0.0,1.0,0.0,1.0
2025-03-20,357.1400146484375,362.6199951171875,357.0199890136719,359.20001220703125,141969,20,3,2025,0.08359384665617142,1,1,360.13714599609375,369.0826700846354,-0.9371337890625,-9.882657877604174,-8.945524088541674,358.8999938964844,356.95001220703125,361.1000061035156,362.0,358.79998779296875,1.0,0.0,0.0,1.0,0.0
2025-03-21,359.3800048828125,362.6499938964844,358.5400085449219,362.6499938964844,165485,21,3,2025,0.9604625757820617,1,1,359.94285801478793,367.4673360188802,2.707135881696445,-4.817342122395814,-7.524478004092259,359.20001220703125,358.8999938964844,356.95001220703125,361.1000061035156,362.0,1.0,1.0,0.0,0.0,1.0
2025-03-24,368.5299987792969,371.6000061035156,367.4599914550781,371.0,268458,24,3,2025,2.302497240879342,1,0,361.6857169015067,366.6340026855469,9.31428309849332,4.365997314453125,-4.948285784040195,362.6499938964844,359.20001220703125,358.8999938964844,356.95001220703125,361.1000061035156,1.0,1.0,1.0,0.0,0.0
2025-03-25,370.0,371.25,367.1400146484375,368.6499938964844,247197,25,3,2025,-0.6334248257454544,0,0,362.6357160295759,365.0306681315104,6.014277866908458,3.6193257649739508,-2.394952101934507,371.0,362.6499938964844,359.20001220703125,358.8999938964844,356.95001220703125,1.0,1.0,1.0,1.0,0.0
2025-03-26,370.739990234375,370.989990234375,365.1300048828125,366.45001220703125,257424,26,3,2025,-0.5967670489290366,0,0,363.4000026157924,364.3506693522135,3.0500095912388474,2.099342854817735,-0.9506667364211125,368.6499938964844,371.0,362.6499938964844,359.20001220703125,358.8999938964844,0.0,1.0,1.0,1.0,1.0
2025-03-27,367.989990234375,368.6700134277344,365.010009765625,366.1499938964844,320067,27,3,2025,-0.08187155152211689,0,0,364.7142857142857,364.0473347981771,1.4357081821986526,2.1026590983072992,0.6669509161086467,366.45001220703125,368.6499938964844,371.0,362.6499938964844,359.20001220703125,0.0,0.0,1.0,1.0,1.0
2025-03-28,366.0,367.5299987792969,359.25,359.8500061035156,238034,28,3,2025,-1.7206030036831965,0,0,364.8500017438616,363.1106689453125,-4.999995640345958,-3.2606628417968864,1.7393327985490714,366.1499938964844,366.45001220703125,368.6499938964844,371.0,362.6499938964844,0.0,0.0,0.0,1.0,1.0
2025-03-31,357.0,359.5,353.6000061035156,358.70001220703125,273955,31,3,2025,-0.3195759002303733,0,0,364.778573172433,362.49400227864584,-6.078560965401778,-3.793990071614587,2.2845708937871905,359.8500061035156,366.1499938964844,366.45001220703125,368.6499938964844,371.0,0.0,0.0,0.0,0.0,1.0
2025-04-01,358.2799987792969,359.7900085449219,355.239990234375,358.5,142983,1,4,2025,-0.0557603011498653,0,1,364.1857169015067,362.1940022786458,-5.68571690150668,-3.6940022786458258,1.9917146228608544,358.70001220703125,359.8500061035156,366.1499938964844,366.45001220703125,368.6499938964844,0.0,0.0,0.0,0.0,0.0
2025-04-02,355.3699951171875,363.2099914550781,353.0799865722656,363.2099914550781,266500,2,4,2025,1.3138051478600143,1,0,363.07285853794644,362.1406677246094,0.1371329171316802,1.0693237304687386,0.9321908133370584,358.5,358.70001220703125,359.8500061035156,366.1499938964844,366.45001220703125,0.0,0.0,0.0,0.0,0.0
2025-04-03,343.5,346.2900085449219,339.70001220703125,339.8399963378906,1087597,3,4,2025,-6.434293016985437,0,0,358.9571446010045,360.8766682942708,-19.117148263113847,-21.03667195638019,-1.919523693266342,363.2099914550781,358.5,358.70001220703125,359.8500061035156,366.1499938964844,1.0,0.0,0.0,0.0,0.0
2025-04-04,339.0,340.57000732421875,331.7799987792969,331.7799987792969,606150,4,4,2025,-2.371703638608791,0,1,354.00428553989957,358.86200154622395,-22.224286760602695,-27.082002766927076,-4.857716006324381,339.8399963378906,363.2099914550781,358.5,358.70001220703125,359.8500061035156,0.0,1.0,0.0,0.0,0.0
2025-04-07,325.0,342.7799987792969,319.8599853515625,334.3500061035156,765288,7,4,2025,0.7746118915167965,1,1,349.46143014090404,357.07866821289065,-15.111424037388417,-22.728662109375023,-7.6172380719866055,331.7799987792969,339.8399963378906,363.2099914550781,358.5,358.70001220703125,0.0,0.0,1.0,0.0,0.0
2025-04-08,343.0,348.8999938964844,330.1600036621094,334.3999938964844,621867,8,4,2025,0.014950737866370467,1,1,345.8257141113281,355.57533365885416,-11.42572021484375,-21.175339762369788,-9.749619547526038,334.3500061035156,331.7799987792969,339.8399963378906,363.2099914550781,358.5,1.0,0.0,0.0,1.0,0.0
2025-04-09,338.0,358.0,336.0899963378906,356.1000061035156,474372,9,4,2025,6.489238218631255,1,0,345.45428466796875,355.3886678059896,10.645721435546875,0.7113382975260265,-9.934383138020848,334.3999938964844,334.3500061035156,331.7799987792969,339.8399963378906,363.2099914550781,1.0,1.0,0.0,0.0,1.0
2025-04-10,354.739990234375,356.1000061035156,341.1199951171875,347.5,684973,10,4,2025,-2.4150536242944276,0,1,343.8828560965402,354.6086669921875,3.617143903459805,-7.108666992187523,-10.725810895647328,356.1000061035156,334.3999938964844,334.3500061035156,331.7799987792969,339.8399963378906,1.0,1.0,1.0,0.0,0.0
2025-04-11,347.0,354.0,344.6499938964844,351.5,1277209,11,4,2025,1.151079136690658,1,1,342.21000017438615,353.86533406575523,9.289999825613847,-2.365334065755235,-11.655333891369082,347.5,356.1000061035156,334.3999938964844,334.3500061035156,331.7799987792969,0.0,1.0,1.0,1.0,0.0
2025-04-14,356.0,357.44000244140625,352.04998779296875,354.45001220703125,374720,14,4,2025,0.839263785784139,1,1,344.2971452985491,352.762001546224,10.152866908482167,1.6880106608072651,-8.464856247674902,351.5,347.5,356.1000061035156,334.3999938964844,334.3500061035156,1.0,0.0,1.0,1.0,1.0
2025-04-15,354.45001220703125,358.8999938964844,353.7900085449219,355.75,404047,15,4,2025,0.3667619546333656,1,0,347.72143118722096,351.902001953125,8.028568812779042,3.8479980468749773,-4.180570765904065,354.45001220703125,351.5,347.5,356.1000061035156,334.3999938964844,1.0,1.0,0.0,1.0,1.0
2025-04-16,354.79998779296875,354.79998779296875,343.0899963378906,346.3999938964844,182875,16,4,2025,-2.628251891360678,0,0,349.44285801478793,350.5653340657552,-3.042864118303555,-4.1653401692708485,-1.1224760509672933,355.75,354.45001220703125,351.5,347.5,356.1000061035156,1.0,1.0,1.0,0.0,1.0
2025-04-17,348.4800109863281,348.4800109863281,343.20001220703125,343.75,246897,17,4,2025,-0.7650097988385895,0,0,350.778573172433,349.07200113932294,-7.028573172433028,-5.322001139322936,1.706572033110092,346.3999938964844,355.75,354.45001220703125,351.5,347.5,0.0,1.0,1.0,1.0,0.0
2025-04-22,338.3500061035156,340.8599853515625,336.010009765625,339.25,442167,22,4,2025,-1.3090909090909042,0,1,348.3714294433594,347.69866739908855,-9.121429443359375,-8.44866739908855,0.6727620442708258,343.75,346.3999938964844,355.75,354.45001220703125,351.5,0.0,0.0,1.0,1.0,1.0
2025-04-23,342.8299865722656,348.6499938964844,341.8500061035156,343.8999938964844,423128,23,4,2025,1.3706687977846244,1,1,347.85714285714283,346.7119995117188,-3.957148960658458,-2.8120056152343977,1.14514334542406,339.25,343.75,346.3999938964844,355.75,354.45001220703125,0.0,0.0,0.0,1.0,1.0
2025-04-24,342.1700134277344,349.989990234375,340.1099853515625,349.1000061035156,517704,24,4,2025,1.5120710378949465,1,1,347.51428658621654,346.0853332519531,1.5857195172990828,3.0146728515625227,1.42895333426344,343.8999938964844,339.25,343.75,346.3999938964844,355.75,1.0,0.0,0.0,0.0,1.0
2025-04-25,349.489990234375,352.0199890136719,347.6499938964844,351.3999938964844,234700,25,4,2025,0.658833501219358,1,0,347.0785696847098,345.2980000813802,4.32142421177457,6.1019938151041515,1.7805696033295817,349.1000061035156,343.8999938964844,339.25,343.75,346.3999938964844,1.0,1.0,0.0,0.0,0.0
2025-04-28,351.32000732421875,351.8999938964844,347.2300109863281,349.25,122244,28,4,2025,-0.6118366345554738,0,1,346.1499982561384,345.9253336588542,3.100001743861583,3.3246663411458144,0.2246645972842316,351.3999938964844,349.1000061035156,343.8999938964844,339.25,343.75,1.0,1.0,1.0,0.0,0.0
2025-04-29,349.010009765625,351.6199951171875,348.0299987792969,350.6000061035156,126465,29,4,2025,0.3865443388734846,1,1,346.75,347.1800008138021,3.850006103515625,3.420005289713515,-0.43000081380210986,349.25,351.3999938964844,349.1000061035156,343.8999938964844,339.25,0.0,1.0,1.0,1.0,0.0
2025-04-30,348.7099914550781,356.2699890136719,345.29998779296875,354.3500061035156,208040,30,4,2025,1.0695949614139,1,1,348.26428658621654,348.5133341471354,6.085719517299083,5.836671956380201,-0.24904756091888203,350.6000061035156,349.25,351.3999938964844,349.1000061035156,343.8999938964844,1.0,0.0,1.0,1.0,1.0
2025-05-02,358.010009765625,361.2200012207031,355.6600036621094,360.0,201795,2,5,2025,1.5944669956725832,1,1,351.2285723005022,350.2200012207031,8.771427699497792,9.779998779296875,1.0085710797990828,354.3500061035156,350.6000061035156,349.25,351.3999938964844,349.1000061035156,1.0,1.0,0.0,1.0,1.0
2025-05-05,357.989990234375,361.95001220703125,356.07000732421875,360.04998779296875,72343,5,5,2025,0.013885498046883882,1,0,353.5357142857143,350.48333333333335,6.514273507254472,9.566654459635402,3.052380952380929,360.0,354.3500061035156,350.6000061035156,349.25,351.3999938964844,1.0,1.0,1.0,0.0,1.0
2025-05-06,359.0,361.80999755859375,357.6000061035156,358.54998779296875,139110,6,5,2025,-0.41660881845732023,0,1,354.8857116699219,351.2199991861979,3.664276123046875,7.329988606770826,3.6657124837239508,360.04998779296875,360.0,354.3500061035156,350.6000061035156,349.25,1.0,1.0,1.0,1.0,0.0
2025-05-07,360.7099914550781,364.0,359.0199890136719,362.3399963378906,95000,7,5,2025,1.0570377001686726,1,0,356.44856916155135,351.942665608724,5.891427176339278,10.39733072916664,4.5059035528273625,358.54998779296875,360.04998779296875,360.0,354.3500061035156,350.6000061035156,0.0,1.0,1.0,1.0,1.0
2025-05-08,362.9700012207031,363.6499938964844,358.5199890136719,359.54998779296875,111044,8,5,2025,-0.7699973983330666,0,0,357.9199959891183,352.2826639811198,1.6299918038504302,7.267323811848939,5.637332007998509,362.3399963378906,358.54998779296875,360.04998779296875,360.0,354.3500061035156,1.0,0.0,1.0,1.0,1.0
2025-05-09,360.3900146484375,362.79998779296875,357.5,358.1000061035156,155778,9,5,2025,-0.40327680119072173,0,1,358.9914245605469,352.4393310546875,-0.89141845703125,5.660675048828125,6.552093505859375,359.54998779296875,362.3399963378906,358.54998779296875,360.04998779296875,360.0,0.0,1.0,0.0,1.0,1.0
2025-05-12,370.0,373.0899963378906,368.0799865722656,372.20001220703125,205093,12,5,2025,3.937449277629934,1,0,361.5414254324777,354.1593322753906,10.658586774553555,18.040679931640625,7.38209315708707,358.1000061035156,359.54998779296875,362.3399963378906,358.54998779296875,360.04998779296875,0.0,0.0,1.0,0.0,1.0
2025-05-13,370.0,371.92999267578125,369.29998779296875,369.95001220703125,337340,13,5,2025,-0.6045136824843755,0,1,362.96285574776783,355.9059997558594,6.987156459263417,14.044012451171852,7.056855991908435,372.20001220703125,358.1000061035156,359.54998779296875,362.3399963378906,358.54998779296875,1.0,0.0,0.0,1.0,0.0
2025-05-14,369.0799865722656,371.95001220703125,368.7799987792969,371.95001220703125,252607,14,5,2025,0.5406135785936295,1,1,364.66285923549106,358.08600056966145,7.287152971540195,13.8640116373698,6.576858665829604,369.95001220703125,372.20001220703125,358.1000061035156,359.54998779296875,362.3399963378906,0.0,1.0,0.0,0.0,1.0
2025-05-15,370.0,377.67999267578125,369.510009765625,376.75,127203,15,5,2025,1.2904927101593966,1,0,367.2628609793527,360.2760009765625,9.487139020647305,16.4739990234375,6.986860002790195,371.95001220703125,369.95001220703125,372.20001220703125,358.1000061035156,359.54998779296875,1.0,0.0,1.0,0.0,0.0
